2026-04-08 09:19:01.085 [INFO] m9.project.Library - Starting Library using Java 17.0.14 with PID 13560 (C:\Users\jiasanchez\Documents\Java\Git\PortableGit\M9_Project1\target\classes started by jiasanchez in C:\Users\jiasanchez\Documents\Java\Git\PortableGit\M9_Project1)
2026-04-08 09:19:01.137 [DEBUG] m9.project.Library - Running with Spring Boot v4.0.2, Spring v7.0.3
2026-04-08 09:19:01.138 [INFO] m9.project.Library - No active profile set, falling back to 1 default profile: "default"
2026-04-08 09:19:04.523 [DEBUG] org.hibernate.SQL - set client_min_messages = WARNING
2026-04-08 09:19:04.525 [DEBUG] org.hibernate.SQL - alter table if exists loans drop constraint if exists FKokwvlrv6o4i4h3le3bwhe6kie
2026-04-08 09:19:04.530 [DEBUG] org.hibernate.SQL - alter table if exists loans drop constraint if exists FK6xxlcjc0rqtn5nq28vjnx5t9d
2026-04-08 09:19:04.530 [DEBUG] org.hibernate.SQL - alter table if exists roles drop constraint if exists FK97mxvrajhkq19dmvboprimeg1
2026-04-08 09:19:04.531 [DEBUG] org.hibernate.SQL - drop table if exists books cascade
2026-04-08 09:19:04.532 [DEBUG] org.hibernate.SQL - drop table if exists loans cascade
2026-04-08 09:19:04.533 [DEBUG] org.hibernate.SQL - drop table if exists roles cascade
2026-04-08 09:19:04.533 [DEBUG] org.hibernate.SQL - drop table if exists users cascade
2026-04-08 09:19:04.543 [DEBUG] org.hibernate.SQL - create table books (is_available boolean, book_id bigint not null, author VARCHAR(300), title VARCHAR(300), primary key (book_id))
2026-04-08 09:19:04.558 [DEBUG] org.hibernate.SQL - create table loans (is_active boolean, book_id bigint, loan_id bigint generated by default as identity, user_id bigint, primary key (loan_id))
2026-04-08 09:19:04.567 [DEBUG] org.hibernate.SQL - create table roles (id bigint generated by default as identity, user_id bigint, role varchar(255), primary key (id))
2026-04-08 09:19:04.574 [DEBUG] org.hibernate.SQL - create table users (enabled boolean, user_id bigint generated by default as identity, name varchar(200) not null, password varchar(255) not null, primary key (user_id))
2026-04-08 09:19:04.581 [DEBUG] org.hibernate.SQL - alter table if exists loans add constraint FKokwvlrv6o4i4h3le3bwhe6kie foreign key (book_id) references books
2026-04-08 09:19:04.590 [DEBUG] org.hibernate.SQL - alter table if exists loans add constraint FK6xxlcjc0rqtn5nq28vjnx5t9d foreign key (user_id) references users
2026-04-08 09:19:04.594 [DEBUG] org.hibernate.SQL - alter table if exists roles add constraint FK97mxvrajhkq19dmvboprimeg1 foreign key (user_id) references users
2026-04-08 09:19:06.837 [INFO] m9.project.Library - Started Library in 6.074 seconds (process running for 6.904)
2026-04-08 09:19:07.191 [DEBUG] org.hibernate.SQL - insert into users (enabled,name,password) values (?,?,?)
2026-04-08 09:19:07.453 [DEBUG] org.hibernate.SQL - insert into users (enabled,name,password) values (?,?,?)
2026-04-08 09:19:07.461 [DEBUG] org.hibernate.SQL - insert into roles (role,user_id) values (?,?)
2026-04-08 09:19:07.473 [DEBUG] org.hibernate.SQL - insert into roles (role,user_id) values (?,?)
2026-04-08 09:20:01.255 [DEBUG] org.hibernate.SQL - select u1_0.user_id,u1_0.enabled,u1_0.name,u1_0.password from users u1_0 where u1_0.name=?
2026-04-08 09:20:01.321 [DEBUG] org.hibernate.SQL - select r1_0.role from roles r1_0 where r1_0.user_id=?
2026-04-08 09:20:01.547 [ERROR] m9.project.exception.GlobalExceptionHandler - User admin Unexpected error | path=/library
org.springframework.web.servlet.resource.NoResourceFoundException: No static resource library for request '/library'.
	at org.springframework.web.servlet.resource.ResourceHttpRequestHandler.handleRequest(ResourceHttpRequestHandler.java:527)
	at org.springframework.web.servlet.mvc.HttpRequestHandlerAdapter.handle(HttpRequestHandlerAdapter.java:50)
	at org.springframework.web.servlet.DispatcherServlet.doDispatch(DispatcherServlet.java:963)
	at org.springframework.web.servlet.DispatcherServlet.doService(DispatcherServlet.java:866)
	at org.springframework.web.servlet.FrameworkServlet.processRequest(FrameworkServlet.java:1003)
	at org.springframework.web.servlet.FrameworkServlet.doPost(FrameworkServlet.java:903)
	at jakarta.servlet.http.HttpServlet.service(HttpServlet.java:649)
	at org.springframework.web.servlet.FrameworkServlet.service(FrameworkServlet.java:874)
	at jakarta.servlet.http.HttpServlet.service(HttpServlet.java:710)
	at org.apache.catalina.core.ApplicationFilterChain.doFilter(ApplicationFilterChain.java:128)
	at org.apache.tomcat.websocket.server.WsFilter.doFilter(WsFilter.java:53)
	at org.apache.catalina.core.ApplicationFilterChain.doFilter(ApplicationFilterChain.java:107)
	at org.springframework.web.filter.CompositeFilter$VirtualFilterChain.doFilter(CompositeFilter.java:108)
	at org.springframework.security.web.FilterChainProxy.lambda$doFilterInternal$3(FilterChainProxy.java:235)
	at org.springframework.security.web.FilterChainProxy$VirtualFilterChain.doFilter(FilterChainProxy.java:371)
	at org.springframework.security.web.access.intercept.AuthorizationFilter.doFilter(AuthorizationFilter.java:101)
	at org.springframework.security.web.FilterChainProxy$VirtualFilterChain.doFilter(FilterChainProxy.java:380)
	at org.springframework.security.web.access.ExceptionTranslationFilter.doFilter(ExceptionTranslationFilter.java:126)
	at org.springframework.security.web.access.ExceptionTranslationFilter.doFilter(ExceptionTranslationFilter.java:120)
	at org.springframework.security.web.FilterChainProxy$VirtualFilterChain.doFilter(FilterChainProxy.java:380)
	at org.springframework.security.web.authentication.AnonymousAuthenticationFilter.doFilter(AnonymousAuthenticationFilter.java:100)
	at org.springframework.security.web.FilterChainProxy$VirtualFilterChain.doFilter(FilterChainProxy.java:380)
	at org.springframework.security.web.servletapi.SecurityContextHolderAwareRequestFilter.doFilter(SecurityContextHolderAwareRequestFilter.java:181)
	at org.springframework.security.web.FilterChainProxy$VirtualFilterChain.doFilter(FilterChainProxy.java:380)
	at org.springframework.security.web.savedrequest.RequestCacheAwareFilter.doFilter(RequestCacheAwareFilter.java:63)
	at org.springframework.security.web.FilterChainProxy$VirtualFilterChain.doFilter(FilterChainProxy.java:380)
	at org.springframework.security.web.authentication.www.BasicAuthenticationFilter.doFilterInternal(BasicAuthenticationFilter.java:247)
	at org.springframework.web.filter.OncePerRequestFilter.doFilter(OncePerRequestFilter.java:116)
	at org.springframework.security.web.FilterChainProxy$VirtualFilterChain.doFilter(FilterChainProxy.java:380)
	at org.springframework.security.web.authentication.logout.LogoutFilter.doFilter(LogoutFilter.java:110)
	at org.springframework.security.web.authentication.logout.LogoutFilter.doFilter(LogoutFilter.java:96)
	at org.springframework.security.web.FilterChainProxy$VirtualFilterChain.doFilter(FilterChainProxy.java:380)
	at org.springframework.security.web.header.HeaderWriterFilter.doHeadersAfter(HeaderWriterFilter.java:90)
	at org.springframework.security.web.header.HeaderWriterFilter.doFilterInternal(HeaderWriterFilter.java:75)
	at org.springframework.web.filter.OncePerRequestFilter.doFilter(OncePerRequestFilter.java:116)
	at org.springframework.security.web.FilterChainProxy$VirtualFilterChain.doFilter(FilterChainProxy.java:380)
	at org.springframework.security.web.context.SecurityContextHolderFilter.doFilter(SecurityContextHolderFilter.java:82)
	at org.springframework.security.web.context.SecurityContextHolderFilter.doFilter(SecurityContextHolderFilter.java:69)
	at org.springframework.security.web.FilterChainProxy$VirtualFilterChain.doFilter(FilterChainProxy.java:380)
	at org.springframework.security.web.context.request.async.WebAsyncManagerIntegrationFilter.doFilterInternal(WebAsyncManagerIntegrationFilter.java:62)
	at org.springframework.web.filter.OncePerRequestFilter.doFilter(OncePerRequestFilter.java:116)
	at org.springframework.security.web.FilterChainProxy$VirtualFilterChain.doFilter(FilterChainProxy.java:380)
	at org.springframework.security.web.session.DisableEncodeUrlFilter.doFilterInternal(DisableEncodeUrlFilter.java:42)
	at org.springframework.web.filter.OncePerRequestFilter.doFilter(OncePerRequestFilter.java:116)
	at org.springframework.security.web.FilterChainProxy$VirtualFilterChain.doFilter(FilterChainProxy.java:380)
	at org.springframework.security.web.FilterChainProxy.doFilterInternal(FilterChainProxy.java:237)
	at org.springframework.security.web.FilterChainProxy.doFilter(FilterChainProxy.java:195)
	at org.springframework.web.filter.CompositeFilter$VirtualFilterChain.doFilter(CompositeFilter.java:113)
	at org.springframework.web.filter.ServletRequestPathFilter.doFilter(ServletRequestPathFilter.java:52)
	at org.springframework.web.filter.CompositeFilter$VirtualFilterChain.doFilter(CompositeFilter.java:113)
	at org.springframework.web.filter.CompositeFilter.doFilter(CompositeFilter.java:74)
	at org.springframework.security.config.annotation.web.configuration.WebSecurityConfiguration$CompositeFilterChainProxy.doFilter(WebSecurityConfiguration.java:317)
	at org.springframework.web.filter.DelegatingFilterProxy.invokeDelegate(DelegatingFilterProxy.java:355)
	at org.springframework.web.filter.DelegatingFilterProxy.doFilter(DelegatingFilterProxy.java:272)
	at org.apache.catalina.core.ApplicationFilterChain.doFilter(ApplicationFilterChain.java:107)
	at org.springframework.web.filter.RequestContextFilter.doFilterInternal(RequestContextFilter.java:100)
	at org.springframework.web.filter.OncePerRequestFilter.doFilter(OncePerRequestFilter.java:116)
	at org.apache.catalina.core.ApplicationFilterChain.doFilter(ApplicationFilterChain.java:107)
	at org.springframework.web.filter.FormContentFilter.doFilterInternal(FormContentFilter.java:93)
	at org.springframework.web.filter.OncePerRequestFilter.doFilter(OncePerRequestFilter.java:116)
	at org.apache.catalina.core.ApplicationFilterChain.doFilter(ApplicationFilterChain.java:107)
	at org.springframework.web.filter.CharacterEncodingFilter.doFilterInternal(CharacterEncodingFilter.java:199)
	at org.springframework.web.filter.OncePerRequestFilter.doFilter(OncePerRequestFilter.java:116)
	at org.apache.catalina.core.ApplicationFilterChain.doFilter(ApplicationFilterChain.java:107)
	at org.apache.catalina.core.StandardWrapperValve.invoke(StandardWrapperValve.java:165)
	at org.apache.catalina.core.StandardContextValve.invoke(StandardContextValve.java:77)
	at org.apache.catalina.authenticator.AuthenticatorBase.invoke(AuthenticatorBase.java:482)
	at org.apache.catalina.core.StandardHostValve.invoke(StandardHostValve.java:113)
	at org.apache.catalina.valves.ErrorReportValve.invoke(ErrorReportValve.java:83)
	at org.apache.catalina.core.StandardEngineValve.invoke(StandardEngineValve.java:72)
	at org.apache.catalina.connector.CoyoteAdapter.service(CoyoteAdapter.java:341)
	at org.apache.coyote.http11.Http11Processor.service(Http11Processor.java:397)
	at org.apache.coyote.AbstractProcessorLight.process(AbstractProcessorLight.java:63)
	at org.apache.coyote.AbstractProtocol$ConnectionHandler.process(AbstractProtocol.java:903)
	at org.apache.tomcat.util.net.NioEndpoint$SocketProcessor.doRun(NioEndpoint.java:1778)
	at org.apache.tomcat.util.net.SocketProcessorBase.run(SocketProcessorBase.java:52)
	at org.apache.tomcat.util.threads.ThreadPoolExecutor.runWorker(ThreadPoolExecutor.java:946)
	at org.apache.tomcat.util.threads.ThreadPoolExecutor$Worker.run(ThreadPoolExecutor.java:480)
	at org.apache.tomcat.util.threads.TaskThread$WrappingRunnable.run(TaskThread.java:57)
	at java.base/java.lang.Thread.run(Thread.java:840)
2026-04-08 09:20:09.984 [DEBUG] org.hibernate.SQL - select u1_0.user_id,u1_0.enabled,u1_0.name,u1_0.password from users u1_0 where u1_0.name=?
2026-04-08 09:20:09.987 [DEBUG] org.hibernate.SQL - select r1_0.role from roles r1_0 where r1_0.user_id=?
2026-04-08 09:20:10.139 [ERROR] m9.project.exception.GlobalExceptionHandler - User admin Unexpected error | path=/library
org.springframework.web.servlet.resource.NoResourceFoundException: No static resource library for request '/library'.
	at org.springframework.web.servlet.resource.ResourceHttpRequestHandler.handleRequest(ResourceHttpRequestHandler.java:527)
	at org.springframework.web.servlet.mvc.HttpRequestHandlerAdapter.handle(HttpRequestHandlerAdapter.java:50)
	at org.springframework.web.servlet.DispatcherServlet.doDispatch(DispatcherServlet.java:963)
	at org.springframework.web.servlet.DispatcherServlet.doService(DispatcherServlet.java:866)
	at org.springframework.web.servlet.FrameworkServlet.processRequest(FrameworkServlet.java:1003)
	at org.springframework.web.servlet.FrameworkServlet.doPost(FrameworkServlet.java:903)
	at jakarta.servlet.http.HttpServlet.service(HttpServlet.java:649)
	at org.springframework.web.servlet.FrameworkServlet.service(FrameworkServlet.java:874)
	at jakarta.servlet.http.HttpServlet.service(HttpServlet.java:710)
	at org.apache.catalina.core.ApplicationFilterChain.doFilter(ApplicationFilterChain.java:128)
	at org.apache.tomcat.websocket.server.WsFilter.doFilter(WsFilter.java:53)
	at org.apache.catalina.core.ApplicationFilterChain.doFilter(ApplicationFilterChain.java:107)
	at org.springframework.web.filter.CompositeFilter$VirtualFilterChain.doFilter(CompositeFilter.java:108)
	at org.springframework.security.web.FilterChainProxy.lambda$doFilterInternal$3(FilterChainProxy.java:235)
	at org.springframework.security.web.FilterChainProxy$VirtualFilterChain.doFilter(FilterChainProxy.java:371)
	at org.springframework.security.web.access.intercept.AuthorizationFilter.doFilter(AuthorizationFilter.java:101)
	at org.springframework.security.web.FilterChainProxy$VirtualFilterChain.doFilter(FilterChainProxy.java:380)
	at org.springframework.security.web.access.ExceptionTranslationFilter.doFilter(ExceptionTranslationFilter.java:126)
	at org.springframework.security.web.access.ExceptionTranslationFilter.doFilter(ExceptionTranslationFilter.java:120)
	at org.springframework.security.web.FilterChainProxy$VirtualFilterChain.doFilter(FilterChainProxy.java:380)
	at org.springframework.security.web.authentication.AnonymousAuthenticationFilter.doFilter(AnonymousAuthenticationFilter.java:100)
	at org.springframework.security.web.FilterChainProxy$VirtualFilterChain.doFilter(FilterChainProxy.java:380)
	at org.springframework.security.web.servletapi.SecurityContextHolderAwareRequestFilter.doFilter(SecurityContextHolderAwareRequestFilter.java:181)
	at org.springframework.security.web.FilterChainProxy$VirtualFilterChain.doFilter(FilterChainProxy.java:380)
	at org.springframework.security.web.savedrequest.RequestCacheAwareFilter.doFilter(RequestCacheAwareFilter.java:63)
	at org.springframework.security.web.FilterChainProxy$VirtualFilterChain.doFilter(FilterChainProxy.java:380)
	at org.springframework.security.web.authentication.www.BasicAuthenticationFilter.doFilterInternal(BasicAuthenticationFilter.java:247)
	at org.springframework.web.filter.OncePerRequestFilter.doFilter(OncePerRequestFilter.java:116)
	at org.springframework.security.web.FilterChainProxy$VirtualFilterChain.doFilter(FilterChainProxy.java:380)
	at org.springframework.security.web.authentication.logout.LogoutFilter.doFilter(LogoutFilter.java:110)
	at org.springframework.security.web.authentication.logout.LogoutFilter.doFilter(LogoutFilter.java:96)
	at org.springframework.security.web.FilterChainProxy$VirtualFilterChain.doFilter(FilterChainProxy.java:380)
	at org.springframework.security.web.header.HeaderWriterFilter.doHeadersAfter(HeaderWriterFilter.java:90)
	at org.springframework.security.web.header.HeaderWriterFilter.doFilterInternal(HeaderWriterFilter.java:75)
	at org.springframework.web.filter.OncePerRequestFilter.doFilter(OncePerRequestFilter.java:116)
	at org.springframework.security.web.FilterChainProxy$VirtualFilterChain.doFilter(FilterChainProxy.java:380)
	at org.springframework.security.web.context.SecurityContextHolderFilter.doFilter(SecurityContextHolderFilter.java:82)
	at org.springframework.security.web.context.SecurityContextHolderFilter.doFilter(SecurityContextHolderFilter.java:69)
	at org.springframework.security.web.FilterChainProxy$VirtualFilterChain.doFilter(FilterChainProxy.java:380)
	at org.springframework.security.web.context.request.async.WebAsyncManagerIntegrationFilter.doFilterInternal(WebAsyncManagerIntegrationFilter.java:62)
	at org.springframework.web.filter.OncePerRequestFilter.doFilter(OncePerRequestFilter.java:116)
	at org.springframework.security.web.FilterChainProxy$VirtualFilterChain.doFilter(FilterChainProxy.java:380)
	at org.springframework.security.web.session.DisableEncodeUrlFilter.doFilterInternal(DisableEncodeUrlFilter.java:42)
	at org.springframework.web.filter.OncePerRequestFilter.doFilter(OncePerRequestFilter.java:116)
	at org.springframework.security.web.FilterChainProxy$VirtualFilterChain.doFilter(FilterChainProxy.java:380)
	at org.springframework.security.web.FilterChainProxy.doFilterInternal(FilterChainProxy.java:237)
	at org.springframework.security.web.FilterChainProxy.doFilter(FilterChainProxy.java:195)
	at org.springframework.web.filter.CompositeFilter$VirtualFilterChain.doFilter(CompositeFilter.java:113)
	at org.springframework.web.filter.ServletRequestPathFilter.doFilter(ServletRequestPathFilter.java:52)
	at org.springframework.web.filter.CompositeFilter$VirtualFilterChain.doFilter(CompositeFilter.java:113)
	at org.springframework.web.filter.CompositeFilter.doFilter(CompositeFilter.java:74)
	at org.springframework.security.config.annotation.web.configuration.WebSecurityConfiguration$CompositeFilterChainProxy.doFilter(WebSecurityConfiguration.java:317)
	at org.springframework.web.filter.DelegatingFilterProxy.invokeDelegate(DelegatingFilterProxy.java:355)
	at org.springframework.web.filter.DelegatingFilterProxy.doFilter(DelegatingFilterProxy.java:272)
	at org.apache.catalina.core.ApplicationFilterChain.doFilter(ApplicationFilterChain.java:107)
	at org.springframework.web.filter.RequestContextFilter.doFilterInternal(RequestContextFilter.java:100)
	at org.springframework.web.filter.OncePerRequestFilter.doFilter(OncePerRequestFilter.java:116)
	at org.apache.catalina.core.ApplicationFilterChain.doFilter(ApplicationFilterChain.java:107)
	at org.springframework.web.filter.FormContentFilter.doFilterInternal(FormContentFilter.java:93)
	at org.springframework.web.filter.OncePerRequestFilter.doFilter(OncePerRequestFilter.java:116)
	at org.apache.catalina.core.ApplicationFilterChain.doFilter(ApplicationFilterChain.java:107)
	at org.springframework.web.filter.CharacterEncodingFilter.doFilterInternal(CharacterEncodingFilter.java:199)
	at org.springframework.web.filter.OncePerRequestFilter.doFilter(OncePerRequestFilter.java:116)
	at org.apache.catalina.core.ApplicationFilterChain.doFilter(ApplicationFilterChain.java:107)
	at org.apache.catalina.core.StandardWrapperValve.invoke(StandardWrapperValve.java:165)
	at org.apache.catalina.core.StandardContextValve.invoke(StandardContextValve.java:77)
	at org.apache.catalina.authenticator.AuthenticatorBase.invoke(AuthenticatorBase.java:482)
	at org.apache.catalina.core.StandardHostValve.invoke(StandardHostValve.java:113)
	at org.apache.catalina.valves.ErrorReportValve.invoke(ErrorReportValve.java:83)
	at org.apache.catalina.core.StandardEngineValve.invoke(StandardEngineValve.java:72)
	at org.apache.catalina.connector.CoyoteAdapter.service(CoyoteAdapter.java:341)
	at org.apache.coyote.http11.Http11Processor.service(Http11Processor.java:397)
	at org.apache.coyote.AbstractProcessorLight.process(AbstractProcessorLight.java:63)
	at org.apache.coyote.AbstractProtocol$ConnectionHandler.process(AbstractProtocol.java:903)
	at org.apache.tomcat.util.net.NioEndpoint$SocketProcessor.doRun(NioEndpoint.java:1778)
	at org.apache.tomcat.util.net.SocketProcessorBase.run(SocketProcessorBase.java:52)
	at org.apache.tomcat.util.threads.ThreadPoolExecutor.runWorker(ThreadPoolExecutor.java:946)
	at org.apache.tomcat.util.threads.ThreadPoolExecutor$Worker.run(ThreadPoolExecutor.java:480)
	at org.apache.tomcat.util.threads.TaskThread$WrappingRunnable.run(TaskThread.java:57)
	at java.base/java.lang.Thread.run(Thread.java:840)
2026-04-08 09:21:07.117 [DEBUG] org.hibernate.SQL - select u1_0.user_id,u1_0.enabled,u1_0.name,u1_0.password from users u1_0 where u1_0.name=?
2026-04-08 09:21:07.119 [DEBUG] org.hibernate.SQL - select r1_0.role from roles r1_0 where r1_0.user_id=?
2026-04-08 09:21:07.410 [DEBUG] org.hibernate.SQL - select count(*) from books b1_0 where b1_0.book_id=?
2026-04-08 09:21:07.414 [INFO] m9.project.service.BookService - User inputted duplicate book ID.
2026-04-08 09:21:07.416 [WARN] m9.project.exception.GlobalExceptionHandler - User admin Conflict: Book ID already exists. | path=/library/add
2026-04-08 09:21:15.950 [DEBUG] org.hibernate.SQL - select u1_0.user_id,u1_0.enabled,u1_0.name,u1_0.password from users u1_0 where u1_0.name=?
2026-04-08 09:21:15.952 [DEBUG] org.hibernate.SQL - select r1_0.role from roles r1_0 where r1_0.user_id=?
2026-04-08 09:21:16.051 [WARN] m9.project.exception.GlobalExceptionHandler - User admin Malformed JSON | path=/library/add
2026-04-08 09:21:21.873 [DEBUG] org.hibernate.SQL - select u1_0.user_id,u1_0.enabled,u1_0.name,u1_0.password from users u1_0 where u1_0.name=?
2026-04-08 09:21:21.875 [DEBUG] org.hibernate.SQL - select r1_0.role from roles r1_0 where r1_0.user_id=?
2026-04-08 09:21:21.973 [DEBUG] org.hibernate.SQL - select count(*) from books b1_0 where b1_0.book_id=?
2026-04-08 09:21:21.984 [DEBUG] org.hibernate.SQL - select b1_0.book_id,b1_0.author,b1_0.is_available,l1_0.loan_id,l1_0.is_active,u1_0.user_id,u1_0.enabled,u1_0.name,u1_0.password,b1_0.title from books b1_0 left join loans l1_0 on b1_0.book_id=l1_0.book_id left join users u1_0 on u1_0.user_id=l1_0.user_id where b1_0.book_id=?
2026-04-08 09:21:21.991 [DEBUG] org.hibernate.SQL - insert into books (author,is_available,title,book_id) values (?,?,?,?)
2026-04-08 09:21:33.268 [DEBUG] org.hibernate.SQL - select u1_0.user_id,u1_0.enabled,u1_0.name,u1_0.password from users u1_0 where u1_0.name=?
2026-04-08 09:21:33.270 [DEBUG] org.hibernate.SQL - select r1_0.role from roles r1_0 where r1_0.user_id=?
2026-04-08 09:21:33.384 [WARN] m9.project.exception.GlobalExceptionHandler - User admin Validation Error: Book Title is required. | Path /library/add 
2026-04-08 09:21:42.697 [DEBUG] org.hibernate.SQL - select u1_0.user_id,u1_0.enabled,u1_0.name,u1_0.password from users u1_0 where u1_0.name=?
2026-04-08 09:21:42.699 [DEBUG] org.hibernate.SQL - select r1_0.role from roles r1_0 where r1_0.user_id=?
2026-04-08 09:21:42.804 [WARN] m9.project.exception.GlobalExceptionHandler - User admin Validation Error: Book Author is required. | Path /library/add 
2026-04-08 09:21:47.918 [DEBUG] org.hibernate.SQL - set client_min_messages = WARNING
2026-04-08 09:21:47.920 [DEBUG] org.hibernate.SQL - alter table if exists loans drop constraint if exists FKokwvlrv6o4i4h3le3bwhe6kie
2026-04-08 09:21:47.926 [DEBUG] org.hibernate.SQL - alter table if exists loans drop constraint if exists FK6xxlcjc0rqtn5nq28vjnx5t9d
2026-04-08 09:21:47.928 [DEBUG] org.hibernate.SQL - alter table if exists roles drop constraint if exists FK97mxvrajhkq19dmvboprimeg1
2026-04-08 09:21:47.932 [DEBUG] org.hibernate.SQL - drop table if exists books cascade
2026-04-08 09:21:47.937 [DEBUG] org.hibernate.SQL - drop table if exists loans cascade
2026-04-08 09:21:47.942 [DEBUG] org.hibernate.SQL - drop table if exists roles cascade
2026-04-08 09:21:47.950 [DEBUG] org.hibernate.SQL - drop table if exists users cascade
2026-04-08 11:00:27.289 [INFO] m9.project.Library - Starting Library using Java 17.0.14 with PID 22644 (C:\Users\jiasanchez\Documents\Java\Git\PortableGit\M9_Project1\target\classes started by jiasanchez in C:\Users\jiasanchez\Documents\Java\Git\PortableGit\M9_Project1)
2026-04-08 11:00:27.292 [DEBUG] m9.project.Library - Running with Spring Boot v4.0.2, Spring v7.0.3
2026-04-08 11:00:27.293 [INFO] m9.project.Library - No active profile set, falling back to 1 default profile: "default"
2026-04-08 11:00:30.747 [DEBUG] org.hibernate.SQL - set client_min_messages = WARNING
2026-04-08 11:00:30.748 [DEBUG] org.hibernate.SQL - alter table if exists loans drop constraint if exists FKokwvlrv6o4i4h3le3bwhe6kie
2026-04-08 11:00:30.749 [DEBUG] org.hibernate.SQL - alter table if exists loans drop constraint if exists FK6xxlcjc0rqtn5nq28vjnx5t9d
2026-04-08 11:00:30.750 [DEBUG] org.hibernate.SQL - alter table if exists roles drop constraint if exists FK97mxvrajhkq19dmvboprimeg1
2026-04-08 11:00:30.751 [DEBUG] org.hibernate.SQL - drop table if exists books cascade
2026-04-08 11:00:30.751 [DEBUG] org.hibernate.SQL - drop table if exists loans cascade
2026-04-08 11:00:30.752 [DEBUG] org.hibernate.SQL - drop table if exists roles cascade
2026-04-08 11:00:30.753 [DEBUG] org.hibernate.SQL - drop table if exists users cascade
2026-04-08 11:00:30.760 [DEBUG] org.hibernate.SQL - create table books (is_available boolean, book_id bigint not null, author VARCHAR(300), title VARCHAR(300), primary key (book_id))
2026-04-08 11:00:30.770 [DEBUG] org.hibernate.SQL - create table loans (is_active boolean, book_id bigint, loan_id bigint generated by default as identity, user_id bigint, primary key (loan_id))
2026-04-08 11:00:30.778 [DEBUG] org.hibernate.SQL - create table roles (id bigint generated by default as identity, user_id bigint, role varchar(255), primary key (id))
2026-04-08 11:00:30.784 [DEBUG] org.hibernate.SQL - create table users (enabled boolean, user_id bigint generated by default as identity, name varchar(200) not null, password varchar(255) not null, primary key (user_id))
2026-04-08 11:00:30.790 [DEBUG] org.hibernate.SQL - alter table if exists loans add constraint FKokwvlrv6o4i4h3le3bwhe6kie foreign key (book_id) references books
2026-04-08 11:00:30.797 [DEBUG] org.hibernate.SQL - alter table if exists loans add constraint FK6xxlcjc0rqtn5nq28vjnx5t9d foreign key (user_id) references users
2026-04-08 11:00:30.799 [DEBUG] org.hibernate.SQL - alter table if exists roles add constraint FK97mxvrajhkq19dmvboprimeg1 foreign key (user_id) references users
2026-04-08 11:00:32.662 [INFO] m9.project.Library - Started Library in 5.674 seconds (process running for 6.52)
2026-04-08 11:00:32.767 [DEBUG] org.hibernate.SQL - insert into users (enabled,name,password) values (?,?,?)
2026-04-08 11:00:32.876 [DEBUG] org.hibernate.SQL - insert into users (enabled,name,password) values (?,?,?)
2026-04-08 11:00:32.880 [DEBUG] org.hibernate.SQL - insert into roles (role,user_id) values (?,?)
2026-04-08 11:00:32.884 [DEBUG] org.hibernate.SQL - insert into roles (role,user_id) values (?,?)
2026-04-08 11:00:56.661 [DEBUG] org.hibernate.SQL - select u1_0.user_id,u1_0.enabled,u1_0.name,u1_0.password from users u1_0 where u1_0.name=?
2026-04-08 11:00:56.689 [DEBUG] org.hibernate.SQL - select r1_0.role from roles r1_0 where r1_0.user_id=?
2026-04-08 11:00:56.816 [ERROR] m9.project.exception.GlobalExceptionHandler - User admin Unexpected error | path=/users
org.springframework.web.servlet.resource.NoResourceFoundException: No static resource users for request '/users'.
	at org.springframework.web.servlet.resource.ResourceHttpRequestHandler.handleRequest(ResourceHttpRequestHandler.java:527)
	at org.springframework.web.servlet.mvc.HttpRequestHandlerAdapter.handle(HttpRequestHandlerAdapter.java:50)
	at org.springframework.web.servlet.DispatcherServlet.doDispatch(DispatcherServlet.java:963)
	at org.springframework.web.servlet.DispatcherServlet.doService(DispatcherServlet.java:866)
	at org.springframework.web.servlet.FrameworkServlet.processRequest(FrameworkServlet.java:1003)
	at org.springframework.web.servlet.FrameworkServlet.doPost(FrameworkServlet.java:903)
	at jakarta.servlet.http.HttpServlet.service(HttpServlet.java:649)
	at org.springframework.web.servlet.FrameworkServlet.service(FrameworkServlet.java:874)
	at jakarta.servlet.http.HttpServlet.service(HttpServlet.java:710)
	at org.apache.catalina.core.ApplicationFilterChain.doFilter(ApplicationFilterChain.java:128)
	at org.apache.tomcat.websocket.server.WsFilter.doFilter(WsFilter.java:53)
	at org.apache.catalina.core.ApplicationFilterChain.doFilter(ApplicationFilterChain.java:107)
	at org.springframework.web.filter.CompositeFilter$VirtualFilterChain.doFilter(CompositeFilter.java:108)
	at org.springframework.security.web.FilterChainProxy.lambda$doFilterInternal$3(FilterChainProxy.java:235)
	at org.springframework.security.web.FilterChainProxy$VirtualFilterChain.doFilter(FilterChainProxy.java:371)
	at org.springframework.security.web.access.intercept.AuthorizationFilter.doFilter(AuthorizationFilter.java:101)
	at org.springframework.security.web.FilterChainProxy$VirtualFilterChain.doFilter(FilterChainProxy.java:380)
	at org.springframework.security.web.access.ExceptionTranslationFilter.doFilter(ExceptionTranslationFilter.java:126)
	at org.springframework.security.web.access.ExceptionTranslationFilter.doFilter(ExceptionTranslationFilter.java:120)
	at org.springframework.security.web.FilterChainProxy$VirtualFilterChain.doFilter(FilterChainProxy.java:380)
	at org.springframework.security.web.authentication.AnonymousAuthenticationFilter.doFilter(AnonymousAuthenticationFilter.java:100)
	at org.springframework.security.web.FilterChainProxy$VirtualFilterChain.doFilter(FilterChainProxy.java:380)
	at org.springframework.security.web.servletapi.SecurityContextHolderAwareRequestFilter.doFilter(SecurityContextHolderAwareRequestFilter.java:181)
	at org.springframework.security.web.FilterChainProxy$VirtualFilterChain.doFilter(FilterChainProxy.java:380)
	at org.springframework.security.web.savedrequest.RequestCacheAwareFilter.doFilter(RequestCacheAwareFilter.java:63)
	at org.springframework.security.web.FilterChainProxy$VirtualFilterChain.doFilter(FilterChainProxy.java:380)
	at org.springframework.security.web.authentication.www.BasicAuthenticationFilter.doFilterInternal(BasicAuthenticationFilter.java:247)
	at org.springframework.web.filter.OncePerRequestFilter.doFilter(OncePerRequestFilter.java:116)
	at org.springframework.security.web.FilterChainProxy$VirtualFilterChain.doFilter(FilterChainProxy.java:380)
	at org.springframework.security.web.authentication.logout.LogoutFilter.doFilter(LogoutFilter.java:110)
	at org.springframework.security.web.authentication.logout.LogoutFilter.doFilter(LogoutFilter.java:96)
	at org.springframework.security.web.FilterChainProxy$VirtualFilterChain.doFilter(FilterChainProxy.java:380)
	at org.springframework.security.web.header.HeaderWriterFilter.doHeadersAfter(HeaderWriterFilter.java:90)
	at org.springframework.security.web.header.HeaderWriterFilter.doFilterInternal(HeaderWriterFilter.java:75)
	at org.springframework.web.filter.OncePerRequestFilter.doFilter(OncePerRequestFilter.java:116)
	at org.springframework.security.web.FilterChainProxy$VirtualFilterChain.doFilter(FilterChainProxy.java:380)
	at org.springframework.security.web.context.SecurityContextHolderFilter.doFilter(SecurityContextHolderFilter.java:82)
	at org.springframework.security.web.context.SecurityContextHolderFilter.doFilter(SecurityContextHolderFilter.java:69)
	at org.springframework.security.web.FilterChainProxy$VirtualFilterChain.doFilter(FilterChainProxy.java:380)
	at org.springframework.security.web.context.request.async.WebAsyncManagerIntegrationFilter.doFilterInternal(WebAsyncManagerIntegrationFilter.java:62)
	at org.springframework.web.filter.OncePerRequestFilter.doFilter(OncePerRequestFilter.java:116)
	at org.springframework.security.web.FilterChainProxy$VirtualFilterChain.doFilter(FilterChainProxy.java:380)
	at org.springframework.security.web.session.DisableEncodeUrlFilter.doFilterInternal(DisableEncodeUrlFilter.java:42)
	at org.springframework.web.filter.OncePerRequestFilter.doFilter(OncePerRequestFilter.java:116)
	at org.springframework.security.web.FilterChainProxy$VirtualFilterChain.doFilter(FilterChainProxy.java:380)
	at org.springframework.security.web.FilterChainProxy.doFilterInternal(FilterChainProxy.java:237)
	at org.springframework.security.web.FilterChainProxy.doFilter(FilterChainProxy.java:195)
	at org.springframework.web.filter.CompositeFilter$VirtualFilterChain.doFilter(CompositeFilter.java:113)
	at org.springframework.web.filter.ServletRequestPathFilter.doFilter(ServletRequestPathFilter.java:52)
	at org.springframework.web.filter.CompositeFilter$VirtualFilterChain.doFilter(CompositeFilter.java:113)
	at org.springframework.web.filter.CompositeFilter.doFilter(CompositeFilter.java:74)
	at org.springframework.security.config.annotation.web.configuration.WebSecurityConfiguration$CompositeFilterChainProxy.doFilter(WebSecurityConfiguration.java:317)
	at org.springframework.web.filter.DelegatingFilterProxy.invokeDelegate(DelegatingFilterProxy.java:355)
	at org.springframework.web.filter.DelegatingFilterProxy.doFilter(DelegatingFilterProxy.java:272)
	at org.apache.catalina.core.ApplicationFilterChain.doFilter(ApplicationFilterChain.java:107)
	at org.springframework.web.filter.RequestContextFilter.doFilterInternal(RequestContextFilter.java:100)
	at org.springframework.web.filter.OncePerRequestFilter.doFilter(OncePerRequestFilter.java:116)
	at org.apache.catalina.core.ApplicationFilterChain.doFilter(ApplicationFilterChain.java:107)
	at org.springframework.web.filter.FormContentFilter.doFilterInternal(FormContentFilter.java:93)
	at org.springframework.web.filter.OncePerRequestFilter.doFilter(OncePerRequestFilter.java:116)
	at org.apache.catalina.core.ApplicationFilterChain.doFilter(ApplicationFilterChain.java:107)
	at org.springframework.web.filter.CharacterEncodingFilter.doFilterInternal(CharacterEncodingFilter.java:199)
	at org.springframework.web.filter.OncePerRequestFilter.doFilter(OncePerRequestFilter.java:116)
	at org.apache.catalina.core.ApplicationFilterChain.doFilter(ApplicationFilterChain.java:107)
	at org.apache.catalina.core.StandardWrapperValve.invoke(StandardWrapperValve.java:165)
	at org.apache.catalina.core.StandardContextValve.invoke(StandardContextValve.java:77)
	at org.apache.catalina.authenticator.AuthenticatorBase.invoke(AuthenticatorBase.java:482)
	at org.apache.catalina.core.StandardHostValve.invoke(StandardHostValve.java:113)
	at org.apache.catalina.valves.ErrorReportValve.invoke(ErrorReportValve.java:83)
	at org.apache.catalina.core.StandardEngineValve.invoke(StandardEngineValve.java:72)
	at org.apache.catalina.connector.CoyoteAdapter.service(CoyoteAdapter.java:341)
	at org.apache.coyote.http11.Http11Processor.service(Http11Processor.java:397)
	at org.apache.coyote.AbstractProcessorLight.process(AbstractProcessorLight.java:63)
	at org.apache.coyote.AbstractProtocol$ConnectionHandler.process(AbstractProtocol.java:903)
	at org.apache.tomcat.util.net.NioEndpoint$SocketProcessor.doRun(NioEndpoint.java:1778)
	at org.apache.tomcat.util.net.SocketProcessorBase.run(SocketProcessorBase.java:52)
	at org.apache.tomcat.util.threads.ThreadPoolExecutor.runWorker(ThreadPoolExecutor.java:946)
	at org.apache.tomcat.util.threads.ThreadPoolExecutor$Worker.run(ThreadPoolExecutor.java:480)
	at org.apache.tomcat.util.threads.TaskThread$WrappingRunnable.run(TaskThread.java:57)
	at java.base/java.lang.Thread.run(Thread.java:840)
2026-04-08 11:01:34.637 [DEBUG] org.hibernate.SQL - select u1_0.user_id,u1_0.enabled,u1_0.name,u1_0.password from users u1_0 where u1_0.name=?
2026-04-08 11:01:34.639 [DEBUG] org.hibernate.SQL - select r1_0.role from roles r1_0 where r1_0.user_id=?
2026-04-08 11:01:34.862 [WARN] m9.project.exception.GlobalExceptionHandler - User admin Validation Error: Name is required | Path /users/create 
2026-04-08 11:01:59.085 [DEBUG] org.hibernate.SQL - set client_min_messages = WARNING
2026-04-08 11:01:59.086 [DEBUG] org.hibernate.SQL - alter table if exists loans drop constraint if exists FKokwvlrv6o4i4h3le3bwhe6kie
2026-04-08 11:01:59.091 [DEBUG] org.hibernate.SQL - alter table if exists loans drop constraint if exists FK6xxlcjc0rqtn5nq28vjnx5t9d
2026-04-08 11:01:59.093 [DEBUG] org.hibernate.SQL - alter table if exists roles drop constraint if exists FK97mxvrajhkq19dmvboprimeg1
2026-04-08 11:01:59.096 [DEBUG] org.hibernate.SQL - drop table if exists books cascade
2026-04-08 11:01:59.102 [DEBUG] org.hibernate.SQL - drop table if exists loans cascade
2026-04-08 11:01:59.108 [DEBUG] org.hibernate.SQL - drop table if exists roles cascade
2026-04-08 11:01:59.118 [DEBUG] org.hibernate.SQL - drop table if exists users cascade
2026-04-08 11:03:16.024 [INFO] m9.project.Library - Starting Library using Java 17.0.14 with PID 1496 (C:\Users\jiasanchez\Documents\Java\Git\PortableGit\M9_Project1\target\classes started by jiasanchez in C:\Users\jiasanchez\Documents\Java\Git\PortableGit\M9_Project1)
2026-04-08 11:03:16.027 [DEBUG] m9.project.Library - Running with Spring Boot v4.0.2, Spring v7.0.3
2026-04-08 11:03:16.028 [INFO] m9.project.Library - No active profile set, falling back to 1 default profile: "default"
2026-04-08 11:03:19.089 [DEBUG] org.hibernate.SQL - set client_min_messages = WARNING
2026-04-08 11:03:19.090 [DEBUG] org.hibernate.SQL - alter table if exists loans drop constraint if exists FKokwvlrv6o4i4h3le3bwhe6kie
2026-04-08 11:03:19.091 [DEBUG] org.hibernate.SQL - alter table if exists loans drop constraint if exists FK6xxlcjc0rqtn5nq28vjnx5t9d
2026-04-08 11:03:19.092 [DEBUG] org.hibernate.SQL - alter table if exists roles drop constraint if exists FK97mxvrajhkq19dmvboprimeg1
2026-04-08 11:03:19.092 [DEBUG] org.hibernate.SQL - drop table if exists books cascade
2026-04-08 11:03:19.093 [DEBUG] org.hibernate.SQL - drop table if exists loans cascade
2026-04-08 11:03:19.093 [DEBUG] org.hibernate.SQL - drop table if exists roles cascade
2026-04-08 11:03:19.094 [DEBUG] org.hibernate.SQL - drop table if exists users cascade
2026-04-08 11:03:19.101 [DEBUG] org.hibernate.SQL - create table books (is_available boolean, book_id bigint not null, author VARCHAR(300), title VARCHAR(300), primary key (book_id))
2026-04-08 11:03:19.113 [DEBUG] org.hibernate.SQL - create table loans (is_active boolean, book_id bigint, loan_id bigint generated by default as identity, user_id bigint, primary key (loan_id))
2026-04-08 11:03:19.122 [DEBUG] org.hibernate.SQL - create table roles (id bigint generated by default as identity, user_id bigint, role varchar(255), primary key (id))
2026-04-08 11:03:19.128 [DEBUG] org.hibernate.SQL - create table users (enabled boolean, user_id bigint generated by default as identity, name varchar(200) not null, password varchar(255) not null, primary key (user_id))
2026-04-08 11:03:19.134 [DEBUG] org.hibernate.SQL - alter table if exists loans add constraint FKokwvlrv6o4i4h3le3bwhe6kie foreign key (book_id) references books
2026-04-08 11:03:19.139 [DEBUG] org.hibernate.SQL - alter table if exists loans add constraint FK6xxlcjc0rqtn5nq28vjnx5t9d foreign key (user_id) references users
2026-04-08 11:03:19.141 [DEBUG] org.hibernate.SQL - alter table if exists roles add constraint FK97mxvrajhkq19dmvboprimeg1 foreign key (user_id) references users
2026-04-08 11:03:20.813 [INFO] m9.project.Library - Started Library in 5.111 seconds (process running for 5.833)
2026-04-08 11:03:20.958 [DEBUG] org.hibernate.SQL - insert into users (enabled,name,password) values (?,?,?)
2026-04-08 11:03:21.102 [DEBUG] org.hibernate.SQL - insert into users (enabled,name,password) values (?,?,?)
2026-04-08 11:03:21.107 [DEBUG] org.hibernate.SQL - insert into roles (role,user_id) values (?,?)
2026-04-08 11:03:21.112 [DEBUG] org.hibernate.SQL - insert into roles (role,user_id) values (?,?)
2026-04-08 11:03:22.133 [DEBUG] org.hibernate.SQL - select u1_0.user_id,u1_0.enabled,u1_0.name,u1_0.password from users u1_0 where u1_0.name=?
2026-04-08 11:03:22.156 [DEBUG] org.hibernate.SQL - select r1_0.role from roles r1_0 where r1_0.user_id=?
2026-04-08 11:03:22.440 [DEBUG] org.hibernate.SQL - insert into users (enabled,name,password) values (?,?,?)
2026-04-08 11:03:22.472 [ERROR] m9.project.exception.GlobalExceptionHandler - User admin Unexpected error | path=/users/create
org.springframework.dao.DataIntegrityViolationException: could not execute statement [ERROR: null value in column "password" of relation "users" violates not-null constraint
  Detail: Failing row contains (null, 3, as, null).] [insert into users (enabled,name,password) values (?,?,?)]; SQL [insert into users (enabled,name,password) values (?,?,?)]; constraint [password]
	at org.springframework.orm.jpa.hibernate.HibernateExceptionTranslator.convertHibernateAccessException(HibernateExceptionTranslator.java:169)
	at org.springframework.orm.jpa.hibernate.HibernateExceptionTranslator.convertHibernateAccessException(HibernateExceptionTranslator.java:131)
	at org.springframework.orm.jpa.hibernate.HibernateExceptionTranslator.translateExceptionIfPossible(HibernateExceptionTranslator.java:105)
	at org.springframework.orm.jpa.vendor.HibernateJpaDialect.translateExceptionIfPossible(HibernateJpaDialect.java:199)
	at org.springframework.orm.jpa.AbstractEntityManagerFactoryBean.translateExceptionIfPossible(AbstractEntityManagerFactoryBean.java:556)
	at org.springframework.dao.support.ChainedPersistenceExceptionTranslator.translateExceptionIfPossible(ChainedPersistenceExceptionTranslator.java:61)
	at org.springframework.dao.support.DataAccessUtils.translateIfNecessary(DataAccessUtils.java:346)
	at org.springframework.dao.support.PersistenceExceptionTranslationInterceptor.invoke(PersistenceExceptionTranslationInterceptor.java:157)
	at org.springframework.aop.framework.ReflectiveMethodInvocation.proceed(ReflectiveMethodInvocation.java:179)
	at org.springframework.data.jpa.repository.support.CrudMethodMetadataPostProcessor$CrudMethodMetadataPopulatingMethodInterceptor.invoke(CrudMethodMetadataPostProcessor.java:166)
	at org.springframework.aop.framework.ReflectiveMethodInvocation.proceed(ReflectiveMethodInvocation.java:179)
	at org.springframework.aop.framework.JdkDynamicAopProxy.invoke(JdkDynamicAopProxy.java:222)
	at jdk.proxy2/jdk.proxy2.$Proxy138.save(Unknown Source)
	at m9.project.service.UserService.createUser(UserService.java:25)
	at m9.project.controller.UserController.createUser(UserController.java:38)
	at java.base/jdk.internal.reflect.NativeMethodAccessorImpl.invoke0(Native Method)
	at java.base/jdk.internal.reflect.NativeMethodAccessorImpl.invoke(NativeMethodAccessorImpl.java:77)
	at java.base/jdk.internal.reflect.DelegatingMethodAccessorImpl.invoke(DelegatingMethodAccessorImpl.java:43)
	at java.base/java.lang.reflect.Method.invoke(Method.java:569)
	at org.springframework.aop.support.AopUtils.invokeJoinpointUsingReflection(AopUtils.java:359)
	at org.springframework.aop.framework.ReflectiveMethodInvocation.invokeJoinpoint(ReflectiveMethodInvocation.java:190)
	at org.springframework.aop.framework.ReflectiveMethodInvocation.proceed(ReflectiveMethodInvocation.java:158)
	at org.springframework.security.authorization.method.AuthorizationManagerBeforeMethodInterceptor.proceed(AuthorizationManagerBeforeMethodInterceptor.java:271)
	at org.springframework.security.authorization.method.AuthorizationManagerBeforeMethodInterceptor.attemptAuthorization(AuthorizationManagerBeforeMethodInterceptor.java:266)
	at org.springframework.security.authorization.method.AuthorizationManagerBeforeMethodInterceptor.invoke(AuthorizationManagerBeforeMethodInterceptor.java:197)
	at org.springframework.security.config.annotation.method.configuration.DeferringMethodInterceptor.invoke(DeferringMethodInterceptor.java:44)
	at org.springframework.aop.framework.ReflectiveMethodInvocation.proceed(ReflectiveMethodInvocation.java:179)
	at org.springframework.aop.framework.CglibAopProxy$DynamicAdvisedInterceptor.intercept(CglibAopProxy.java:719)
	at m9.project.controller.UserController$$SpringCGLIB$$0.createUser(<generated>)
	at java.base/jdk.internal.reflect.NativeMethodAccessorImpl.invoke0(Native Method)
	at java.base/jdk.internal.reflect.NativeMethodAccessorImpl.invoke(NativeMethodAccessorImpl.java:77)
	at java.base/jdk.internal.reflect.DelegatingMethodAccessorImpl.invoke(DelegatingMethodAccessorImpl.java:43)
	at java.base/java.lang.reflect.Method.invoke(Method.java:569)
	at org.springframework.web.method.support.InvocableHandlerMethod.doInvoke(InvocableHandlerMethod.java:258)
	at org.springframework.web.method.support.InvocableHandlerMethod.invokeForRequest(InvocableHandlerMethod.java:190)
	at org.springframework.web.servlet.mvc.method.annotation.ServletInvocableHandlerMethod.invokeAndHandle(ServletInvocableHandlerMethod.java:117)
	at org.springframework.web.servlet.mvc.method.annotation.RequestMappingHandlerAdapter.invokeHandlerMethod(RequestMappingHandlerAdapter.java:934)
	at org.springframework.web.servlet.mvc.method.annotation.RequestMappingHandlerAdapter.handleInternal(RequestMappingHandlerAdapter.java:853)
	at org.springframework.web.servlet.mvc.method.AbstractHandlerMethodAdapter.handle(AbstractHandlerMethodAdapter.java:86)
	at org.springframework.web.servlet.DispatcherServlet.doDispatch(DispatcherServlet.java:963)
	at org.springframework.web.servlet.DispatcherServlet.doService(DispatcherServlet.java:866)
	at org.springframework.web.servlet.FrameworkServlet.processRequest(FrameworkServlet.java:1003)
	at org.springframework.web.servlet.FrameworkServlet.doPost(FrameworkServlet.java:903)
	at jakarta.servlet.http.HttpServlet.service(HttpServlet.java:649)
	at org.springframework.web.servlet.FrameworkServlet.service(FrameworkServlet.java:874)
	at jakarta.servlet.http.HttpServlet.service(HttpServlet.java:710)
	at org.apache.catalina.core.ApplicationFilterChain.doFilter(ApplicationFilterChain.java:128)
	at org.apache.tomcat.websocket.server.WsFilter.doFilter(WsFilter.java:53)
	at org.apache.catalina.core.ApplicationFilterChain.doFilter(ApplicationFilterChain.java:107)
	at org.springframework.web.filter.CompositeFilter$VirtualFilterChain.doFilter(CompositeFilter.java:108)
	at org.springframework.security.web.FilterChainProxy.lambda$doFilterInternal$3(FilterChainProxy.java:235)
	at org.springframework.security.web.FilterChainProxy$VirtualFilterChain.doFilter(FilterChainProxy.java:371)
	at org.springframework.security.web.access.intercept.AuthorizationFilter.doFilter(AuthorizationFilter.java:101)
	at org.springframework.security.web.FilterChainProxy$VirtualFilterChain.doFilter(FilterChainProxy.java:380)
	at org.springframework.security.web.access.ExceptionTranslationFilter.doFilter(ExceptionTranslationFilter.java:126)
	at org.springframework.security.web.access.ExceptionTranslationFilter.doFilter(ExceptionTranslationFilter.java:120)
	at org.springframework.security.web.FilterChainProxy$VirtualFilterChain.doFilter(FilterChainProxy.java:380)
	at org.springframework.security.web.authentication.AnonymousAuthenticationFilter.doFilter(AnonymousAuthenticationFilter.java:100)
	at org.springframework.security.web.FilterChainProxy$VirtualFilterChain.doFilter(FilterChainProxy.java:380)
	at org.springframework.security.web.servletapi.SecurityContextHolderAwareRequestFilter.doFilter(SecurityContextHolderAwareRequestFilter.java:181)
	at org.springframework.security.web.FilterChainProxy$VirtualFilterChain.doFilter(FilterChainProxy.java:380)
	at org.springframework.security.web.savedrequest.RequestCacheAwareFilter.doFilter(RequestCacheAwareFilter.java:63)
	at org.springframework.security.web.FilterChainProxy$VirtualFilterChain.doFilter(FilterChainProxy.java:380)
	at org.springframework.security.web.authentication.www.BasicAuthenticationFilter.doFilterInternal(BasicAuthenticationFilter.java:247)
	at org.springframework.web.filter.OncePerRequestFilter.doFilter(OncePerRequestFilter.java:116)
	at org.springframework.security.web.FilterChainProxy$VirtualFilterChain.doFilter(FilterChainProxy.java:380)
	at org.springframework.security.web.authentication.logout.LogoutFilter.doFilter(LogoutFilter.java:110)
	at org.springframework.security.web.authentication.logout.LogoutFilter.doFilter(LogoutFilter.java:96)
	at org.springframework.security.web.FilterChainProxy$VirtualFilterChain.doFilter(FilterChainProxy.java:380)
	at org.springframework.security.web.header.HeaderWriterFilter.doHeadersAfter(HeaderWriterFilter.java:90)
	at org.springframework.security.web.header.HeaderWriterFilter.doFilterInternal(HeaderWriterFilter.java:75)
	at org.springframework.web.filter.OncePerRequestFilter.doFilter(OncePerRequestFilter.java:116)
	at org.springframework.security.web.FilterChainProxy$VirtualFilterChain.doFilter(FilterChainProxy.java:380)
	at org.springframework.security.web.context.SecurityContextHolderFilter.doFilter(SecurityContextHolderFilter.java:82)
	at org.springframework.security.web.context.SecurityContextHolderFilter.doFilter(SecurityContextHolderFilter.java:69)
	at org.springframework.security.web.FilterChainProxy$VirtualFilterChain.doFilter(FilterChainProxy.java:380)
	at org.springframework.security.web.context.request.async.WebAsyncManagerIntegrationFilter.doFilterInternal(WebAsyncManagerIntegrationFilter.java:62)
	at org.springframework.web.filter.OncePerRequestFilter.doFilter(OncePerRequestFilter.java:116)
	at org.springframework.security.web.FilterChainProxy$VirtualFilterChain.doFilter(FilterChainProxy.java:380)
	at org.springframework.security.web.session.DisableEncodeUrlFilter.doFilterInternal(DisableEncodeUrlFilter.java:42)
	at org.springframework.web.filter.OncePerRequestFilter.doFilter(OncePerRequestFilter.java:116)
	at org.springframework.security.web.FilterChainProxy$VirtualFilterChain.doFilter(FilterChainProxy.java:380)
	at org.springframework.security.web.FilterChainProxy.doFilterInternal(FilterChainProxy.java:237)
	at org.springframework.security.web.FilterChainProxy.doFilter(FilterChainProxy.java:195)
	at org.springframework.web.filter.CompositeFilter$VirtualFilterChain.doFilter(CompositeFilter.java:113)
	at org.springframework.web.filter.ServletRequestPathFilter.doFilter(ServletRequestPathFilter.java:52)
	at org.springframework.web.filter.CompositeFilter$VirtualFilterChain.doFilter(CompositeFilter.java:113)
	at org.springframework.web.filter.CompositeFilter.doFilter(CompositeFilter.java:74)
	at org.springframework.security.config.annotation.web.configuration.WebSecurityConfiguration$CompositeFilterChainProxy.doFilter(WebSecurityConfiguration.java:317)
	at org.springframework.web.filter.DelegatingFilterProxy.invokeDelegate(DelegatingFilterProxy.java:355)
	at org.springframework.web.filter.DelegatingFilterProxy.doFilter(DelegatingFilterProxy.java:272)
	at org.apache.catalina.core.ApplicationFilterChain.doFilter(ApplicationFilterChain.java:107)
	at org.springframework.web.filter.RequestContextFilter.doFilterInternal(RequestContextFilter.java:100)
	at org.springframework.web.filter.OncePerRequestFilter.doFilter(OncePerRequestFilter.java:116)
	at org.apache.catalina.core.ApplicationFilterChain.doFilter(ApplicationFilterChain.java:107)
	at org.springframework.web.filter.FormContentFilter.doFilterInternal(FormContentFilter.java:93)
	at org.springframework.web.filter.OncePerRequestFilter.doFilter(OncePerRequestFilter.java:116)
	at org.apache.catalina.core.ApplicationFilterChain.doFilter(ApplicationFilterChain.java:107)
	at org.springframework.web.filter.CharacterEncodingFilter.doFilterInternal(CharacterEncodingFilter.java:199)
	at org.springframework.web.filter.OncePerRequestFilter.doFilter(OncePerRequestFilter.java:116)
	at org.apache.catalina.core.ApplicationFilterChain.doFilter(ApplicationFilterChain.java:107)
	at org.apache.catalina.core.StandardWrapperValve.invoke(StandardWrapperValve.java:165)
	at org.apache.catalina.core.StandardContextValve.invoke(StandardContextValve.java:77)
	at org.apache.catalina.authenticator.AuthenticatorBase.invoke(AuthenticatorBase.java:482)
	at org.apache.catalina.core.StandardHostValve.invoke(StandardHostValve.java:113)
	at org.apache.catalina.valves.ErrorReportValve.invoke(ErrorReportValve.java:83)
	at org.apache.catalina.core.StandardEngineValve.invoke(StandardEngineValve.java:72)
	at org.apache.catalina.connector.CoyoteAdapter.service(CoyoteAdapter.java:341)
	at org.apache.coyote.http11.Http11Processor.service(Http11Processor.java:397)
	at org.apache.coyote.AbstractProcessorLight.process(AbstractProcessorLight.java:63)
	at org.apache.coyote.AbstractProtocol$ConnectionHandler.process(AbstractProtocol.java:903)
	at org.apache.tomcat.util.net.NioEndpoint$SocketProcessor.doRun(NioEndpoint.java:1778)
	at org.apache.tomcat.util.net.SocketProcessorBase.run(SocketProcessorBase.java:52)
	at org.apache.tomcat.util.threads.ThreadPoolExecutor.runWorker(ThreadPoolExecutor.java:946)
	at org.apache.tomcat.util.threads.ThreadPoolExecutor$Worker.run(ThreadPoolExecutor.java:480)
	at org.apache.tomcat.util.threads.TaskThread$WrappingRunnable.run(TaskThread.java:57)
	at java.base/java.lang.Thread.run(Thread.java:840)
Caused by: org.hibernate.exception.ConstraintViolationException: could not execute statement [ERROR: null value in column "password" of relation "users" violates not-null constraint
  Detail: Failing row contains (null, 3, as, null).] [insert into users (enabled,name,password) values (?,?,?)]
	at org.hibernate.exception.internal.SQLStateConversionDelegate.convert(SQLStateConversionDelegate.java:73)
	at org.hibernate.exception.internal.StandardSQLExceptionConverter.convert(StandardSQLExceptionConverter.java:34)
	at org.hibernate.engine.jdbc.spi.SqlExceptionHelper.convert(SqlExceptionHelper.java:115)
	at org.hibernate.engine.jdbc.internal.ResultSetReturnImpl.executeUpdate(ResultSetReturnImpl.java:184)
	at org.hibernate.id.insert.GetGeneratedKeysDelegate.performMutation(GetGeneratedKeysDelegate.java:103)
	at org.hibernate.engine.jdbc.mutation.internal.MutationExecutorSingleNonBatched.performNonBatchedOperations(MutationExecutorSingleNonBatched.java:45)
	at org.hibernate.engine.jdbc.mutation.internal.AbstractMutationExecutor.execute(AbstractMutationExecutor.java:66)
	at org.hibernate.engine.jdbc.mutation.internal.AbstractMutationExecutor.execute(AbstractMutationExecutor.java:55)
	at org.hibernate.persister.entity.mutation.InsertCoordinatorStandard.doStaticInserts(InsertCoordinatorStandard.java:180)
	at org.hibernate.persister.entity.mutation.InsertCoordinatorStandard.coordinateInsert(InsertCoordinatorStandard.java:120)
	at org.hibernate.persister.entity.mutation.InsertCoordinatorStandard.insert(InsertCoordinatorStandard.java:84)
	at org.hibernate.action.internal.EntityIdentityInsertAction.execute(EntityIdentityInsertAction.java:85)
	at org.hibernate.engine.spi.ActionQueue.execute(ActionQueue.java:667)
	at org.hibernate.engine.spi.ActionQueue.addResolvedEntityInsertAction(ActionQueue.java:291)
	at org.hibernate.engine.spi.ActionQueue.addInsertAction(ActionQueue.java:270)
	at org.hibernate.engine.spi.ActionQueue.addAction(ActionQueue.java:322)
	at org.hibernate.event.internal.AbstractSaveEventListener.addInsertAction(AbstractSaveEventListener.java:371)
	at org.hibernate.event.internal.AbstractSaveEventListener.performSaveOrReplicate(AbstractSaveEventListener.java:285)
	at org.hibernate.event.internal.AbstractSaveEventListener.performSave(AbstractSaveEventListener.java:215)
	at org.hibernate.event.internal.AbstractSaveEventListener.saveWithGeneratedId(AbstractSaveEventListener.java:133)
	at org.hibernate.event.internal.DefaultPersistEventListener.entityIsTransient(DefaultPersistEventListener.java:145)
	at org.hibernate.event.internal.DefaultPersistEventListener.persist(DefaultPersistEventListener.java:89)
	at org.hibernate.event.internal.DefaultPersistEventListener.onPersist(DefaultPersistEventListener.java:73)
	at org.hibernate.event.internal.DefaultPersistEventListener.onPersist(DefaultPersistEventListener.java:49)
	at org.hibernate.event.service.internal.EventListenerGroupImpl.fireEventOnEachListener(EventListenerGroupImpl.java:138)
	at org.hibernate.internal.SessionImpl.firePersist(SessionImpl.java:689)
	at org.hibernate.internal.SessionImpl.persist(SessionImpl.java:672)
	at java.base/jdk.internal.reflect.NativeMethodAccessorImpl.invoke0(Native Method)
	at java.base/jdk.internal.reflect.NativeMethodAccessorImpl.invoke(NativeMethodAccessorImpl.java:77)
	at java.base/jdk.internal.reflect.DelegatingMethodAccessorImpl.invoke(DelegatingMethodAccessorImpl.java:43)
	at java.base/java.lang.reflect.Method.invoke(Method.java:569)
	at org.springframework.orm.jpa.ExtendedEntityManagerCreator$ExtendedEntityManagerInvocationHandler.invoke(ExtendedEntityManagerCreator.java:362)
	at jdk.proxy2/jdk.proxy2.$Proxy134.persist(Unknown Source)
	at java.base/jdk.internal.reflect.NativeMethodAccessorImpl.invoke0(Native Method)
	at java.base/jdk.internal.reflect.NativeMethodAccessorImpl.invoke(NativeMethodAccessorImpl.java:77)
	at java.base/jdk.internal.reflect.DelegatingMethodAccessorImpl.invoke(DelegatingMethodAccessorImpl.java:43)
	at java.base/java.lang.reflect.Method.invoke(Method.java:569)
	at org.springframework.orm.jpa.SharedEntityManagerCreator$SharedEntityManagerInvocationHandler.invoke(SharedEntityManagerCreator.java:317)
	at jdk.proxy2/jdk.proxy2.$Proxy134.persist(Unknown Source)
	at org.springframework.data.jpa.repository.support.SimpleJpaRepository.save(SimpleJpaRepository.java:664)
	at java.base/jdk.internal.reflect.NativeMethodAccessorImpl.invoke0(Native Method)
	at java.base/jdk.internal.reflect.NativeMethodAccessorImpl.invoke(NativeMethodAccessorImpl.java:77)
	at java.base/jdk.internal.reflect.DelegatingMethodAccessorImpl.invoke(DelegatingMethodAccessorImpl.java:43)
	at java.base/java.lang.reflect.Method.invoke(Method.java:569)
	at org.springframework.aop.support.AopUtils.invokeJoinpointUsingReflection(AopUtils.java:359)
	at org.springframework.data.repository.core.support.RepositoryMethodInvoker$RepositoryFragmentMethodInvoker.lambda$new$0(RepositoryMethodInvoker.java:278)
	at org.springframework.data.repository.core.support.RepositoryMethodInvoker.doInvoke(RepositoryMethodInvoker.java:169)
	at org.springframework.data.repository.core.support.RepositoryMethodInvoker.invoke(RepositoryMethodInvoker.java:158)
	at org.springframework.data.repository.core.support.RepositoryComposition$RepositoryFragments.invoke(RepositoryComposition.java:545)
	at org.springframework.data.repository.core.support.RepositoryComposition.invoke(RepositoryComposition.java:290)
	at org.springframework.data.repository.core.support.RepositoryFactorySupport$ImplementationMethodExecutionInterceptor.invoke(RepositoryFactorySupport.java:690)
	at org.springframework.aop.framework.ReflectiveMethodInvocation.proceed(ReflectiveMethodInvocation.java:179)
	at org.springframework.data.repository.core.support.QueryExecutorMethodInterceptor.doInvoke(QueryExecutorMethodInterceptor.java:171)
	at org.springframework.data.repository.core.support.QueryExecutorMethodInterceptor.invoke(QueryExecutorMethodInterceptor.java:146)
	at org.springframework.aop.framework.ReflectiveMethodInvocation.proceed(ReflectiveMethodInvocation.java:179)
	at org.springframework.data.projection.DefaultMethodInvokingMethodInterceptor.invoke(DefaultMethodInvokingMethodInterceptor.java:69)
	at org.springframework.aop.framework.ReflectiveMethodInvocation.proceed(ReflectiveMethodInvocation.java:179)
	at org.springframework.transaction.interceptor.TransactionInterceptor$1.proceedWithInvocation(TransactionInterceptor.java:133)
	at org.springframework.transaction.interceptor.TransactionAspectSupport.invokeWithinTransaction(TransactionAspectSupport.java:371)
	at org.springframework.transaction.interceptor.TransactionInterceptor.invoke(TransactionInterceptor.java:130)
	at org.springframework.aop.framework.ReflectiveMethodInvocation.proceed(ReflectiveMethodInvocation.java:179)
	at org.springframework.dao.support.PersistenceExceptionTranslationInterceptor.invoke(PersistenceExceptionTranslationInterceptor.java:135)
	... 109 common frames omitted
Caused by: org.postgresql.util.PSQLException: ERROR: null value in column "password" of relation "users" violates not-null constraint
  Detail: Failing row contains (null, 3, as, null).
	at org.postgresql.core.v3.QueryExecutorImpl.receiveErrorResponse(QueryExecutorImpl.java:2846)
	at org.postgresql.core.v3.QueryExecutorImpl.processResults(QueryExecutorImpl.java:2531)
	at org.postgresql.core.v3.QueryExecutorImpl.execute(QueryExecutorImpl.java:429)
	at org.postgresql.jdbc.PgStatement.executeInternal(PgStatement.java:526)
	at org.postgresql.jdbc.PgStatement.execute(PgStatement.java:436)
	at org.postgresql.jdbc.PgPreparedStatement.executeWithFlags(PgPreparedStatement.java:196)
	at org.postgresql.jdbc.PgPreparedStatement.executeUpdate(PgPreparedStatement.java:157)
	at com.zaxxer.hikari.pool.ProxyPreparedStatement.executeUpdate(ProxyPreparedStatement.java:61)
	at com.zaxxer.hikari.pool.HikariProxyPreparedStatement.executeUpdate(HikariProxyPreparedStatement.java)
	at org.hibernate.engine.jdbc.internal.ResultSetReturnImpl.executeUpdate(ResultSetReturnImpl.java:181)
	... 167 common frames omitted
2026-04-08 11:03:58.030 [DEBUG] org.hibernate.SQL - select u1_0.user_id,u1_0.enabled,u1_0.name,u1_0.password from users u1_0 where u1_0.name=?
2026-04-08 11:03:58.034 [DEBUG] org.hibernate.SQL - select r1_0.role from roles r1_0 where r1_0.user_id=?
2026-04-08 11:03:58.179 [WARN] m9.project.exception.GlobalExceptionHandler - User admin Malformed JSON | path=/users/create
2026-04-08 11:04:40.976 [DEBUG] org.hibernate.SQL - select u1_0.user_id,u1_0.enabled,u1_0.name,u1_0.password from users u1_0 where u1_0.name=?
2026-04-08 11:04:40.978 [DEBUG] org.hibernate.SQL - select r1_0.role from roles r1_0 where r1_0.user_id=?
2026-04-08 11:04:41.087 [DEBUG] org.hibernate.SQL - insert into users (enabled,name,password) values (?,?,?)
2026-04-08 11:04:41.091 [ERROR] m9.project.exception.GlobalExceptionHandler - User admin Unexpected error | path=/users/create
org.springframework.dao.DataIntegrityViolationException: could not execute statement [ERROR: null value in column "password" of relation "users" violates not-null constraint
  Detail: Failing row contains (null, 4, johns, null).] [insert into users (enabled,name,password) values (?,?,?)]; SQL [insert into users (enabled,name,password) values (?,?,?)]; constraint [password]
	at org.springframework.orm.jpa.hibernate.HibernateExceptionTranslator.convertHibernateAccessException(HibernateExceptionTranslator.java:169)
	at org.springframework.orm.jpa.hibernate.HibernateExceptionTranslator.convertHibernateAccessException(HibernateExceptionTranslator.java:131)
	at org.springframework.orm.jpa.hibernate.HibernateExceptionTranslator.translateExceptionIfPossible(HibernateExceptionTranslator.java:105)
	at org.springframework.orm.jpa.vendor.HibernateJpaDialect.translateExceptionIfPossible(HibernateJpaDialect.java:199)
	at org.springframework.orm.jpa.AbstractEntityManagerFactoryBean.translateExceptionIfPossible(AbstractEntityManagerFactoryBean.java:556)
	at org.springframework.dao.support.ChainedPersistenceExceptionTranslator.translateExceptionIfPossible(ChainedPersistenceExceptionTranslator.java:61)
	at org.springframework.dao.support.DataAccessUtils.translateIfNecessary(DataAccessUtils.java:346)
	at org.springframework.dao.support.PersistenceExceptionTranslationInterceptor.invoke(PersistenceExceptionTranslationInterceptor.java:157)
	at org.springframework.aop.framework.ReflectiveMethodInvocation.proceed(ReflectiveMethodInvocation.java:179)
	at org.springframework.data.jpa.repository.support.CrudMethodMetadataPostProcessor$CrudMethodMetadataPopulatingMethodInterceptor.invoke(CrudMethodMetadataPostProcessor.java:166)
	at org.springframework.aop.framework.ReflectiveMethodInvocation.proceed(ReflectiveMethodInvocation.java:179)
	at org.springframework.aop.framework.JdkDynamicAopProxy.invoke(JdkDynamicAopProxy.java:222)
	at jdk.proxy2/jdk.proxy2.$Proxy138.save(Unknown Source)
	at m9.project.service.UserService.createUser(UserService.java:25)
	at m9.project.controller.UserController.createUser(UserController.java:38)
	at java.base/jdk.internal.reflect.NativeMethodAccessorImpl.invoke0(Native Method)
	at java.base/jdk.internal.reflect.NativeMethodAccessorImpl.invoke(NativeMethodAccessorImpl.java:77)
	at java.base/jdk.internal.reflect.DelegatingMethodAccessorImpl.invoke(DelegatingMethodAccessorImpl.java:43)
	at java.base/java.lang.reflect.Method.invoke(Method.java:569)
	at org.springframework.aop.support.AopUtils.invokeJoinpointUsingReflection(AopUtils.java:359)
	at org.springframework.aop.framework.ReflectiveMethodInvocation.invokeJoinpoint(ReflectiveMethodInvocation.java:190)
	at org.springframework.aop.framework.ReflectiveMethodInvocation.proceed(ReflectiveMethodInvocation.java:158)
	at org.springframework.security.authorization.method.AuthorizationManagerBeforeMethodInterceptor.proceed(AuthorizationManagerBeforeMethodInterceptor.java:271)
	at org.springframework.security.authorization.method.AuthorizationManagerBeforeMethodInterceptor.attemptAuthorization(AuthorizationManagerBeforeMethodInterceptor.java:266)
	at org.springframework.security.authorization.method.AuthorizationManagerBeforeMethodInterceptor.invoke(AuthorizationManagerBeforeMethodInterceptor.java:197)
	at org.springframework.security.config.annotation.method.configuration.DeferringMethodInterceptor.invoke(DeferringMethodInterceptor.java:44)
	at org.springframework.aop.framework.ReflectiveMethodInvocation.proceed(ReflectiveMethodInvocation.java:179)
	at org.springframework.aop.framework.CglibAopProxy$DynamicAdvisedInterceptor.intercept(CglibAopProxy.java:719)
	at m9.project.controller.UserController$$SpringCGLIB$$0.createUser(<generated>)
	at java.base/jdk.internal.reflect.NativeMethodAccessorImpl.invoke0(Native Method)
	at java.base/jdk.internal.reflect.NativeMethodAccessorImpl.invoke(NativeMethodAccessorImpl.java:77)
	at java.base/jdk.internal.reflect.DelegatingMethodAccessorImpl.invoke(DelegatingMethodAccessorImpl.java:43)
	at java.base/java.lang.reflect.Method.invoke(Method.java:569)
	at org.springframework.web.method.support.InvocableHandlerMethod.doInvoke(InvocableHandlerMethod.java:258)
	at org.springframework.web.method.support.InvocableHandlerMethod.invokeForRequest(InvocableHandlerMethod.java:190)
	at org.springframework.web.servlet.mvc.method.annotation.ServletInvocableHandlerMethod.invokeAndHandle(ServletInvocableHandlerMethod.java:117)
	at org.springframework.web.servlet.mvc.method.annotation.RequestMappingHandlerAdapter.invokeHandlerMethod(RequestMappingHandlerAdapter.java:934)
	at org.springframework.web.servlet.mvc.method.annotation.RequestMappingHandlerAdapter.handleInternal(RequestMappingHandlerAdapter.java:853)
	at org.springframework.web.servlet.mvc.method.AbstractHandlerMethodAdapter.handle(AbstractHandlerMethodAdapter.java:86)
	at org.springframework.web.servlet.DispatcherServlet.doDispatch(DispatcherServlet.java:963)
	at org.springframework.web.servlet.DispatcherServlet.doService(DispatcherServlet.java:866)
	at org.springframework.web.servlet.FrameworkServlet.processRequest(FrameworkServlet.java:1003)
	at org.springframework.web.servlet.FrameworkServlet.doPost(FrameworkServlet.java:903)
	at jakarta.servlet.http.HttpServlet.service(HttpServlet.java:649)
	at org.springframework.web.servlet.FrameworkServlet.service(FrameworkServlet.java:874)
	at jakarta.servlet.http.HttpServlet.service(HttpServlet.java:710)
	at org.apache.catalina.core.ApplicationFilterChain.doFilter(ApplicationFilterChain.java:128)
	at org.apache.tomcat.websocket.server.WsFilter.doFilter(WsFilter.java:53)
	at org.apache.catalina.core.ApplicationFilterChain.doFilter(ApplicationFilterChain.java:107)
	at org.springframework.web.filter.CompositeFilter$VirtualFilterChain.doFilter(CompositeFilter.java:108)
	at org.springframework.security.web.FilterChainProxy.lambda$doFilterInternal$3(FilterChainProxy.java:235)
	at org.springframework.security.web.FilterChainProxy$VirtualFilterChain.doFilter(FilterChainProxy.java:371)
	at org.springframework.security.web.access.intercept.AuthorizationFilter.doFilter(AuthorizationFilter.java:101)
	at org.springframework.security.web.FilterChainProxy$VirtualFilterChain.doFilter(FilterChainProxy.java:380)
	at org.springframework.security.web.access.ExceptionTranslationFilter.doFilter(ExceptionTranslationFilter.java:126)
	at org.springframework.security.web.access.ExceptionTranslationFilter.doFilter(ExceptionTranslationFilter.java:120)
	at org.springframework.security.web.FilterChainProxy$VirtualFilterChain.doFilter(FilterChainProxy.java:380)
	at org.springframework.security.web.authentication.AnonymousAuthenticationFilter.doFilter(AnonymousAuthenticationFilter.java:100)
	at org.springframework.security.web.FilterChainProxy$VirtualFilterChain.doFilter(FilterChainProxy.java:380)
	at org.springframework.security.web.servletapi.SecurityContextHolderAwareRequestFilter.doFilter(SecurityContextHolderAwareRequestFilter.java:181)
	at org.springframework.security.web.FilterChainProxy$VirtualFilterChain.doFilter(FilterChainProxy.java:380)
	at org.springframework.security.web.savedrequest.RequestCacheAwareFilter.doFilter(RequestCacheAwareFilter.java:63)
	at org.springframework.security.web.FilterChainProxy$VirtualFilterChain.doFilter(FilterChainProxy.java:380)
	at org.springframework.security.web.authentication.www.BasicAuthenticationFilter.doFilterInternal(BasicAuthenticationFilter.java:247)
	at org.springframework.web.filter.OncePerRequestFilter.doFilter(OncePerRequestFilter.java:116)
	at org.springframework.security.web.FilterChainProxy$VirtualFilterChain.doFilter(FilterChainProxy.java:380)
	at org.springframework.security.web.authentication.logout.LogoutFilter.doFilter(LogoutFilter.java:110)
	at org.springframework.security.web.authentication.logout.LogoutFilter.doFilter(LogoutFilter.java:96)
	at org.springframework.security.web.FilterChainProxy$VirtualFilterChain.doFilter(FilterChainProxy.java:380)
	at org.springframework.security.web.header.HeaderWriterFilter.doHeadersAfter(HeaderWriterFilter.java:90)
	at org.springframework.security.web.header.HeaderWriterFilter.doFilterInternal(HeaderWriterFilter.java:75)
	at org.springframework.web.filter.OncePerRequestFilter.doFilter(OncePerRequestFilter.java:116)
	at org.springframework.security.web.FilterChainProxy$VirtualFilterChain.doFilter(FilterChainProxy.java:380)
	at org.springframework.security.web.context.SecurityContextHolderFilter.doFilter(SecurityContextHolderFilter.java:82)
	at org.springframework.security.web.context.SecurityContextHolderFilter.doFilter(SecurityContextHolderFilter.java:69)
	at org.springframework.security.web.FilterChainProxy$VirtualFilterChain.doFilter(FilterChainProxy.java:380)
	at org.springframework.security.web.context.request.async.WebAsyncManagerIntegrationFilter.doFilterInternal(WebAsyncManagerIntegrationFilter.java:62)
	at org.springframework.web.filter.OncePerRequestFilter.doFilter(OncePerRequestFilter.java:116)
	at org.springframework.security.web.FilterChainProxy$VirtualFilterChain.doFilter(FilterChainProxy.java:380)
	at org.springframework.security.web.session.DisableEncodeUrlFilter.doFilterInternal(DisableEncodeUrlFilter.java:42)
	at org.springframework.web.filter.OncePerRequestFilter.doFilter(OncePerRequestFilter.java:116)
	at org.springframework.security.web.FilterChainProxy$VirtualFilterChain.doFilter(FilterChainProxy.java:380)
	at org.springframework.security.web.FilterChainProxy.doFilterInternal(FilterChainProxy.java:237)
	at org.springframework.security.web.FilterChainProxy.doFilter(FilterChainProxy.java:195)
	at org.springframework.web.filter.CompositeFilter$VirtualFilterChain.doFilter(CompositeFilter.java:113)
	at org.springframework.web.filter.ServletRequestPathFilter.doFilter(ServletRequestPathFilter.java:52)
	at org.springframework.web.filter.CompositeFilter$VirtualFilterChain.doFilter(CompositeFilter.java:113)
	at org.springframework.web.filter.CompositeFilter.doFilter(CompositeFilter.java:74)
	at org.springframework.security.config.annotation.web.configuration.WebSecurityConfiguration$CompositeFilterChainProxy.doFilter(WebSecurityConfiguration.java:317)
	at org.springframework.web.filter.DelegatingFilterProxy.invokeDelegate(DelegatingFilterProxy.java:355)
	at org.springframework.web.filter.DelegatingFilterProxy.doFilter(DelegatingFilterProxy.java:272)
	at org.apache.catalina.core.ApplicationFilterChain.doFilter(ApplicationFilterChain.java:107)
	at org.springframework.web.filter.RequestContextFilter.doFilterInternal(RequestContextFilter.java:100)
	at org.springframework.web.filter.OncePerRequestFilter.doFilter(OncePerRequestFilter.java:116)
	at org.apache.catalina.core.ApplicationFilterChain.doFilter(ApplicationFilterChain.java:107)
	at org.springframework.web.filter.FormContentFilter.doFilterInternal(FormContentFilter.java:93)
	at org.springframework.web.filter.OncePerRequestFilter.doFilter(OncePerRequestFilter.java:116)
	at org.apache.catalina.core.ApplicationFilterChain.doFilter(ApplicationFilterChain.java:107)
	at org.springframework.web.filter.CharacterEncodingFilter.doFilterInternal(CharacterEncodingFilter.java:199)
	at org.springframework.web.filter.OncePerRequestFilter.doFilter(OncePerRequestFilter.java:116)
	at org.apache.catalina.core.ApplicationFilterChain.doFilter(ApplicationFilterChain.java:107)
	at org.apache.catalina.core.StandardWrapperValve.invoke(StandardWrapperValve.java:165)
	at org.apache.catalina.core.StandardContextValve.invoke(StandardContextValve.java:77)
	at org.apache.catalina.authenticator.AuthenticatorBase.invoke(AuthenticatorBase.java:482)
	at org.apache.catalina.core.StandardHostValve.invoke(StandardHostValve.java:113)
	at org.apache.catalina.valves.ErrorReportValve.invoke(ErrorReportValve.java:83)
	at org.apache.catalina.core.StandardEngineValve.invoke(StandardEngineValve.java:72)
	at org.apache.catalina.connector.CoyoteAdapter.service(CoyoteAdapter.java:341)
	at org.apache.coyote.http11.Http11Processor.service(Http11Processor.java:397)
	at org.apache.coyote.AbstractProcessorLight.process(AbstractProcessorLight.java:63)
	at org.apache.coyote.AbstractProtocol$ConnectionHandler.process(AbstractProtocol.java:903)
	at org.apache.tomcat.util.net.NioEndpoint$SocketProcessor.doRun(NioEndpoint.java:1778)
	at org.apache.tomcat.util.net.SocketProcessorBase.run(SocketProcessorBase.java:52)
	at org.apache.tomcat.util.threads.ThreadPoolExecutor.runWorker(ThreadPoolExecutor.java:946)
	at org.apache.tomcat.util.threads.ThreadPoolExecutor$Worker.run(ThreadPoolExecutor.java:480)
	at org.apache.tomcat.util.threads.TaskThread$WrappingRunnable.run(TaskThread.java:57)
	at java.base/java.lang.Thread.run(Thread.java:840)
Caused by: org.hibernate.exception.ConstraintViolationException: could not execute statement [ERROR: null value in column "password" of relation "users" violates not-null constraint
  Detail: Failing row contains (null, 4, johns, null).] [insert into users (enabled,name,password) values (?,?,?)]
	at org.hibernate.exception.internal.SQLStateConversionDelegate.convert(SQLStateConversionDelegate.java:73)
	at org.hibernate.exception.internal.StandardSQLExceptionConverter.convert(StandardSQLExceptionConverter.java:34)
	at org.hibernate.engine.jdbc.spi.SqlExceptionHelper.convert(SqlExceptionHelper.java:115)
	at org.hibernate.engine.jdbc.internal.ResultSetReturnImpl.executeUpdate(ResultSetReturnImpl.java:184)
	at org.hibernate.id.insert.GetGeneratedKeysDelegate.performMutation(GetGeneratedKeysDelegate.java:103)
	at org.hibernate.engine.jdbc.mutation.internal.MutationExecutorSingleNonBatched.performNonBatchedOperations(MutationExecutorSingleNonBatched.java:45)
	at org.hibernate.engine.jdbc.mutation.internal.AbstractMutationExecutor.execute(AbstractMutationExecutor.java:66)
	at org.hibernate.engine.jdbc.mutation.internal.AbstractMutationExecutor.execute(AbstractMutationExecutor.java:55)
	at org.hibernate.persister.entity.mutation.InsertCoordinatorStandard.doStaticInserts(InsertCoordinatorStandard.java:180)
	at org.hibernate.persister.entity.mutation.InsertCoordinatorStandard.coordinateInsert(InsertCoordinatorStandard.java:120)
	at org.hibernate.persister.entity.mutation.InsertCoordinatorStandard.insert(InsertCoordinatorStandard.java:84)
	at org.hibernate.action.internal.EntityIdentityInsertAction.execute(EntityIdentityInsertAction.java:85)
	at org.hibernate.engine.spi.ActionQueue.execute(ActionQueue.java:667)
	at org.hibernate.engine.spi.ActionQueue.addResolvedEntityInsertAction(ActionQueue.java:291)
	at org.hibernate.engine.spi.ActionQueue.addInsertAction(ActionQueue.java:270)
	at org.hibernate.engine.spi.ActionQueue.addAction(ActionQueue.java:322)
	at org.hibernate.event.internal.AbstractSaveEventListener.addInsertAction(AbstractSaveEventListener.java:371)
	at org.hibernate.event.internal.AbstractSaveEventListener.performSaveOrReplicate(AbstractSaveEventListener.java:285)
	at org.hibernate.event.internal.AbstractSaveEventListener.performSave(AbstractSaveEventListener.java:215)
	at org.hibernate.event.internal.AbstractSaveEventListener.saveWithGeneratedId(AbstractSaveEventListener.java:133)
	at org.hibernate.event.internal.DefaultPersistEventListener.entityIsTransient(DefaultPersistEventListener.java:145)
	at org.hibernate.event.internal.DefaultPersistEventListener.persist(DefaultPersistEventListener.java:89)
	at org.hibernate.event.internal.DefaultPersistEventListener.onPersist(DefaultPersistEventListener.java:73)
	at org.hibernate.event.internal.DefaultPersistEventListener.onPersist(DefaultPersistEventListener.java:49)
	at org.hibernate.event.service.internal.EventListenerGroupImpl.fireEventOnEachListener(EventListenerGroupImpl.java:138)
	at org.hibernate.internal.SessionImpl.firePersist(SessionImpl.java:689)
	at org.hibernate.internal.SessionImpl.persist(SessionImpl.java:672)
	at java.base/jdk.internal.reflect.NativeMethodAccessorImpl.invoke0(Native Method)
	at java.base/jdk.internal.reflect.NativeMethodAccessorImpl.invoke(NativeMethodAccessorImpl.java:77)
	at java.base/jdk.internal.reflect.DelegatingMethodAccessorImpl.invoke(DelegatingMethodAccessorImpl.java:43)
	at java.base/java.lang.reflect.Method.invoke(Method.java:569)
	at org.springframework.orm.jpa.ExtendedEntityManagerCreator$ExtendedEntityManagerInvocationHandler.invoke(ExtendedEntityManagerCreator.java:362)
	at jdk.proxy2/jdk.proxy2.$Proxy134.persist(Unknown Source)
	at java.base/jdk.internal.reflect.NativeMethodAccessorImpl.invoke0(Native Method)
	at java.base/jdk.internal.reflect.NativeMethodAccessorImpl.invoke(NativeMethodAccessorImpl.java:77)
	at java.base/jdk.internal.reflect.DelegatingMethodAccessorImpl.invoke(DelegatingMethodAccessorImpl.java:43)
	at java.base/java.lang.reflect.Method.invoke(Method.java:569)
	at org.springframework.orm.jpa.SharedEntityManagerCreator$SharedEntityManagerInvocationHandler.invoke(SharedEntityManagerCreator.java:317)
	at jdk.proxy2/jdk.proxy2.$Proxy134.persist(Unknown Source)
	at org.springframework.data.jpa.repository.support.SimpleJpaRepository.save(SimpleJpaRepository.java:664)
	at java.base/jdk.internal.reflect.NativeMethodAccessorImpl.invoke0(Native Method)
	at java.base/jdk.internal.reflect.NativeMethodAccessorImpl.invoke(NativeMethodAccessorImpl.java:77)
	at java.base/jdk.internal.reflect.DelegatingMethodAccessorImpl.invoke(DelegatingMethodAccessorImpl.java:43)
	at java.base/java.lang.reflect.Method.invoke(Method.java:569)
	at org.springframework.aop.support.AopUtils.invokeJoinpointUsingReflection(AopUtils.java:359)
	at org.springframework.data.repository.core.support.RepositoryMethodInvoker$RepositoryFragmentMethodInvoker.lambda$new$0(RepositoryMethodInvoker.java:278)
	at org.springframework.data.repository.core.support.RepositoryMethodInvoker.doInvoke(RepositoryMethodInvoker.java:169)
	at org.springframework.data.repository.core.support.RepositoryMethodInvoker.invoke(RepositoryMethodInvoker.java:158)
	at org.springframework.data.repository.core.support.RepositoryComposition$RepositoryFragments.invoke(RepositoryComposition.java:545)
	at org.springframework.data.repository.core.support.RepositoryComposition.invoke(RepositoryComposition.java:290)
	at org.springframework.data.repository.core.support.RepositoryFactorySupport$ImplementationMethodExecutionInterceptor.invoke(RepositoryFactorySupport.java:690)
	at org.springframework.aop.framework.ReflectiveMethodInvocation.proceed(ReflectiveMethodInvocation.java:179)
	at org.springframework.data.repository.core.support.QueryExecutorMethodInterceptor.doInvoke(QueryExecutorMethodInterceptor.java:171)
	at org.springframework.data.repository.core.support.QueryExecutorMethodInterceptor.invoke(QueryExecutorMethodInterceptor.java:146)
	at org.springframework.aop.framework.ReflectiveMethodInvocation.proceed(ReflectiveMethodInvocation.java:179)
	at org.springframework.data.projection.DefaultMethodInvokingMethodInterceptor.invoke(DefaultMethodInvokingMethodInterceptor.java:69)
	at org.springframework.aop.framework.ReflectiveMethodInvocation.proceed(ReflectiveMethodInvocation.java:179)
	at org.springframework.transaction.interceptor.TransactionInterceptor$1.proceedWithInvocation(TransactionInterceptor.java:133)
	at org.springframework.transaction.interceptor.TransactionAspectSupport.invokeWithinTransaction(TransactionAspectSupport.java:371)
	at org.springframework.transaction.interceptor.TransactionInterceptor.invoke(TransactionInterceptor.java:130)
	at org.springframework.aop.framework.ReflectiveMethodInvocation.proceed(ReflectiveMethodInvocation.java:179)
	at org.springframework.dao.support.PersistenceExceptionTranslationInterceptor.invoke(PersistenceExceptionTranslationInterceptor.java:135)
	... 109 common frames omitted
Caused by: org.postgresql.util.PSQLException: ERROR: null value in column "password" of relation "users" violates not-null constraint
  Detail: Failing row contains (null, 4, johns, null).
	at org.postgresql.core.v3.QueryExecutorImpl.receiveErrorResponse(QueryExecutorImpl.java:2846)
	at org.postgresql.core.v3.QueryExecutorImpl.processResults(QueryExecutorImpl.java:2531)
	at org.postgresql.core.v3.QueryExecutorImpl.execute(QueryExecutorImpl.java:429)
	at org.postgresql.jdbc.PgStatement.executeInternal(PgStatement.java:526)
	at org.postgresql.jdbc.PgStatement.execute(PgStatement.java:436)
	at org.postgresql.jdbc.PgPreparedStatement.executeWithFlags(PgPreparedStatement.java:196)
	at org.postgresql.jdbc.PgPreparedStatement.executeUpdate(PgPreparedStatement.java:157)
	at com.zaxxer.hikari.pool.ProxyPreparedStatement.executeUpdate(ProxyPreparedStatement.java:61)
	at com.zaxxer.hikari.pool.HikariProxyPreparedStatement.executeUpdate(HikariProxyPreparedStatement.java)
	at org.hibernate.engine.jdbc.internal.ResultSetReturnImpl.executeUpdate(ResultSetReturnImpl.java:181)
	... 167 common frames omitted
2026-04-08 11:05:31.026 [DEBUG] org.hibernate.SQL - set client_min_messages = WARNING
2026-04-08 11:05:31.027 [DEBUG] org.hibernate.SQL - alter table if exists loans drop constraint if exists FKokwvlrv6o4i4h3le3bwhe6kie
2026-04-08 11:05:31.032 [DEBUG] org.hibernate.SQL - alter table if exists loans drop constraint if exists FK6xxlcjc0rqtn5nq28vjnx5t9d
2026-04-08 11:05:31.036 [DEBUG] org.hibernate.SQL - alter table if exists roles drop constraint if exists FK97mxvrajhkq19dmvboprimeg1
2026-04-08 11:05:31.040 [DEBUG] org.hibernate.SQL - drop table if exists books cascade
2026-04-08 11:05:31.046 [DEBUG] org.hibernate.SQL - drop table if exists loans cascade
2026-04-08 11:05:31.052 [DEBUG] org.hibernate.SQL - drop table if exists roles cascade
2026-04-08 11:05:31.060 [DEBUG] org.hibernate.SQL - drop table if exists users cascade
2026-04-08 11:07:04.955 [INFO] m9.project.Library - Starting Library using Java 17.0.14 with PID 17804 (C:\Users\jiasanchez\Documents\Java\Git\PortableGit\M9_Project1\target\classes started by jiasanchez in C:\Users\jiasanchez\Documents\Java\Git\PortableGit\M9_Project1)
2026-04-08 11:07:04.957 [DEBUG] m9.project.Library - Running with Spring Boot v4.0.2, Spring v7.0.3
2026-04-08 11:07:04.958 [INFO] m9.project.Library - No active profile set, falling back to 1 default profile: "default"
2026-04-08 11:07:08.064 [DEBUG] org.hibernate.SQL - set client_min_messages = WARNING
2026-04-08 11:07:08.065 [DEBUG] org.hibernate.SQL - alter table if exists loans drop constraint if exists FKokwvlrv6o4i4h3le3bwhe6kie
2026-04-08 11:07:08.066 [DEBUG] org.hibernate.SQL - alter table if exists loans drop constraint if exists FK6xxlcjc0rqtn5nq28vjnx5t9d
2026-04-08 11:07:08.067 [DEBUG] org.hibernate.SQL - alter table if exists roles drop constraint if exists FK97mxvrajhkq19dmvboprimeg1
2026-04-08 11:07:08.068 [DEBUG] org.hibernate.SQL - drop table if exists books cascade
2026-04-08 11:07:08.069 [DEBUG] org.hibernate.SQL - drop table if exists loans cascade
2026-04-08 11:07:08.070 [DEBUG] org.hibernate.SQL - drop table if exists roles cascade
2026-04-08 11:07:08.070 [DEBUG] org.hibernate.SQL - drop table if exists users cascade
2026-04-08 11:07:08.079 [DEBUG] org.hibernate.SQL - create table books (is_available boolean, book_id bigint not null, author VARCHAR(300), title VARCHAR(300), primary key (book_id))
2026-04-08 11:07:08.089 [DEBUG] org.hibernate.SQL - create table loans (is_active boolean, book_id bigint, loan_id bigint generated by default as identity, user_id bigint, primary key (loan_id))
2026-04-08 11:07:08.095 [DEBUG] org.hibernate.SQL - create table roles (id bigint generated by default as identity, user_id bigint, role varchar(255), primary key (id))
2026-04-08 11:07:08.104 [DEBUG] org.hibernate.SQL - create table users (enabled boolean, user_id bigint generated by default as identity, name varchar(200) not null, password varchar(255) not null, primary key (user_id))
2026-04-08 11:07:08.115 [DEBUG] org.hibernate.SQL - alter table if exists loans add constraint FKokwvlrv6o4i4h3le3bwhe6kie foreign key (book_id) references books
2026-04-08 11:07:08.126 [DEBUG] org.hibernate.SQL - alter table if exists loans add constraint FK6xxlcjc0rqtn5nq28vjnx5t9d foreign key (user_id) references users
2026-04-08 11:07:08.130 [DEBUG] org.hibernate.SQL - alter table if exists roles add constraint FK97mxvrajhkq19dmvboprimeg1 foreign key (user_id) references users
2026-04-08 11:07:09.806 [INFO] m9.project.Library - Started Library in 5.138 seconds (process running for 5.857)
2026-04-08 11:07:09.958 [DEBUG] org.hibernate.SQL - insert into users (enabled,name,password) values (?,?,?)
2026-04-08 11:07:10.107 [DEBUG] org.hibernate.SQL - insert into users (enabled,name,password) values (?,?,?)
2026-04-08 11:07:10.111 [DEBUG] org.hibernate.SQL - insert into roles (role,user_id) values (?,?)
2026-04-08 11:07:10.116 [DEBUG] org.hibernate.SQL - insert into roles (role,user_id) values (?,?)
2026-04-08 11:07:10.297 [DEBUG] org.hibernate.SQL - select u1_0.user_id,u1_0.enabled,u1_0.name,u1_0.password from users u1_0 where u1_0.name=?
2026-04-08 11:07:10.320 [DEBUG] org.hibernate.SQL - select r1_0.role from roles r1_0 where r1_0.user_id=?
2026-04-08 11:07:10.597 [DEBUG] org.hibernate.SQL - insert into users (enabled,name,password) values (?,?,?)
2026-04-08 11:07:10.613 [ERROR] m9.project.exception.GlobalExceptionHandler - User admin Unexpected error | path=/users/create
org.springframework.dao.DataIntegrityViolationException: could not execute statement [ERROR: null value in column "password" of relation "users" violates not-null constraint
  Detail: Failing row contains (null, 3, johns, null).] [insert into users (enabled,name,password) values (?,?,?)]; SQL [insert into users (enabled,name,password) values (?,?,?)]; constraint [password]
	at org.springframework.orm.jpa.hibernate.HibernateExceptionTranslator.convertHibernateAccessException(HibernateExceptionTranslator.java:169)
	at org.springframework.orm.jpa.hibernate.HibernateExceptionTranslator.convertHibernateAccessException(HibernateExceptionTranslator.java:131)
	at org.springframework.orm.jpa.hibernate.HibernateExceptionTranslator.translateExceptionIfPossible(HibernateExceptionTranslator.java:105)
	at org.springframework.orm.jpa.vendor.HibernateJpaDialect.translateExceptionIfPossible(HibernateJpaDialect.java:199)
	at org.springframework.orm.jpa.AbstractEntityManagerFactoryBean.translateExceptionIfPossible(AbstractEntityManagerFactoryBean.java:556)
	at org.springframework.dao.support.ChainedPersistenceExceptionTranslator.translateExceptionIfPossible(ChainedPersistenceExceptionTranslator.java:61)
	at org.springframework.dao.support.DataAccessUtils.translateIfNecessary(DataAccessUtils.java:346)
	at org.springframework.dao.support.PersistenceExceptionTranslationInterceptor.invoke(PersistenceExceptionTranslationInterceptor.java:157)
	at org.springframework.aop.framework.ReflectiveMethodInvocation.proceed(ReflectiveMethodInvocation.java:179)
	at org.springframework.data.jpa.repository.support.CrudMethodMetadataPostProcessor$CrudMethodMetadataPopulatingMethodInterceptor.invoke(CrudMethodMetadataPostProcessor.java:166)
	at org.springframework.aop.framework.ReflectiveMethodInvocation.proceed(ReflectiveMethodInvocation.java:179)
	at org.springframework.aop.framework.JdkDynamicAopProxy.invoke(JdkDynamicAopProxy.java:222)
	at jdk.proxy2/jdk.proxy2.$Proxy139.save(Unknown Source)
	at m9.project.service.UserService.createUser(UserService.java:25)
	at m9.project.controller.UserController.createUser(UserController.java:38)
	at java.base/jdk.internal.reflect.NativeMethodAccessorImpl.invoke0(Native Method)
	at java.base/jdk.internal.reflect.NativeMethodAccessorImpl.invoke(NativeMethodAccessorImpl.java:77)
	at java.base/jdk.internal.reflect.DelegatingMethodAccessorImpl.invoke(DelegatingMethodAccessorImpl.java:43)
	at java.base/java.lang.reflect.Method.invoke(Method.java:569)
	at org.springframework.aop.support.AopUtils.invokeJoinpointUsingReflection(AopUtils.java:359)
	at org.springframework.aop.framework.ReflectiveMethodInvocation.invokeJoinpoint(ReflectiveMethodInvocation.java:190)
	at org.springframework.aop.framework.ReflectiveMethodInvocation.proceed(ReflectiveMethodInvocation.java:158)
	at org.springframework.security.authorization.method.AuthorizationManagerBeforeMethodInterceptor.proceed(AuthorizationManagerBeforeMethodInterceptor.java:271)
	at org.springframework.security.authorization.method.AuthorizationManagerBeforeMethodInterceptor.attemptAuthorization(AuthorizationManagerBeforeMethodInterceptor.java:266)
	at org.springframework.security.authorization.method.AuthorizationManagerBeforeMethodInterceptor.invoke(AuthorizationManagerBeforeMethodInterceptor.java:197)
	at org.springframework.security.config.annotation.method.configuration.DeferringMethodInterceptor.invoke(DeferringMethodInterceptor.java:44)
	at org.springframework.aop.framework.ReflectiveMethodInvocation.proceed(ReflectiveMethodInvocation.java:179)
	at org.springframework.aop.framework.CglibAopProxy$DynamicAdvisedInterceptor.intercept(CglibAopProxy.java:719)
	at m9.project.controller.UserController$$SpringCGLIB$$0.createUser(<generated>)
	at java.base/jdk.internal.reflect.NativeMethodAccessorImpl.invoke0(Native Method)
	at java.base/jdk.internal.reflect.NativeMethodAccessorImpl.invoke(NativeMethodAccessorImpl.java:77)
	at java.base/jdk.internal.reflect.DelegatingMethodAccessorImpl.invoke(DelegatingMethodAccessorImpl.java:43)
	at java.base/java.lang.reflect.Method.invoke(Method.java:569)
	at org.springframework.web.method.support.InvocableHandlerMethod.doInvoke(InvocableHandlerMethod.java:258)
	at org.springframework.web.method.support.InvocableHandlerMethod.invokeForRequest(InvocableHandlerMethod.java:190)
	at org.springframework.web.servlet.mvc.method.annotation.ServletInvocableHandlerMethod.invokeAndHandle(ServletInvocableHandlerMethod.java:117)
	at org.springframework.web.servlet.mvc.method.annotation.RequestMappingHandlerAdapter.invokeHandlerMethod(RequestMappingHandlerAdapter.java:934)
	at org.springframework.web.servlet.mvc.method.annotation.RequestMappingHandlerAdapter.handleInternal(RequestMappingHandlerAdapter.java:853)
	at org.springframework.web.servlet.mvc.method.AbstractHandlerMethodAdapter.handle(AbstractHandlerMethodAdapter.java:86)
	at org.springframework.web.servlet.DispatcherServlet.doDispatch(DispatcherServlet.java:963)
	at org.springframework.web.servlet.DispatcherServlet.doService(DispatcherServlet.java:866)
	at org.springframework.web.servlet.FrameworkServlet.processRequest(FrameworkServlet.java:1003)
	at org.springframework.web.servlet.FrameworkServlet.doPost(FrameworkServlet.java:903)
	at jakarta.servlet.http.HttpServlet.service(HttpServlet.java:649)
	at org.springframework.web.servlet.FrameworkServlet.service(FrameworkServlet.java:874)
	at jakarta.servlet.http.HttpServlet.service(HttpServlet.java:710)
	at org.apache.catalina.core.ApplicationFilterChain.doFilter(ApplicationFilterChain.java:128)
	at org.apache.tomcat.websocket.server.WsFilter.doFilter(WsFilter.java:53)
	at org.apache.catalina.core.ApplicationFilterChain.doFilter(ApplicationFilterChain.java:107)
	at org.springframework.web.filter.CompositeFilter$VirtualFilterChain.doFilter(CompositeFilter.java:108)
	at org.springframework.security.web.FilterChainProxy.lambda$doFilterInternal$3(FilterChainProxy.java:235)
	at org.springframework.security.web.FilterChainProxy$VirtualFilterChain.doFilter(FilterChainProxy.java:371)
	at org.springframework.security.web.access.intercept.AuthorizationFilter.doFilter(AuthorizationFilter.java:101)
	at org.springframework.security.web.FilterChainProxy$VirtualFilterChain.doFilter(FilterChainProxy.java:380)
	at org.springframework.security.web.access.ExceptionTranslationFilter.doFilter(ExceptionTranslationFilter.java:126)
	at org.springframework.security.web.access.ExceptionTranslationFilter.doFilter(ExceptionTranslationFilter.java:120)
	at org.springframework.security.web.FilterChainProxy$VirtualFilterChain.doFilter(FilterChainProxy.java:380)
	at org.springframework.security.web.authentication.AnonymousAuthenticationFilter.doFilter(AnonymousAuthenticationFilter.java:100)
	at org.springframework.security.web.FilterChainProxy$VirtualFilterChain.doFilter(FilterChainProxy.java:380)
	at org.springframework.security.web.servletapi.SecurityContextHolderAwareRequestFilter.doFilter(SecurityContextHolderAwareRequestFilter.java:181)
	at org.springframework.security.web.FilterChainProxy$VirtualFilterChain.doFilter(FilterChainProxy.java:380)
	at org.springframework.security.web.savedrequest.RequestCacheAwareFilter.doFilter(RequestCacheAwareFilter.java:63)
	at org.springframework.security.web.FilterChainProxy$VirtualFilterChain.doFilter(FilterChainProxy.java:380)
	at org.springframework.security.web.authentication.www.BasicAuthenticationFilter.doFilterInternal(BasicAuthenticationFilter.java:247)
	at org.springframework.web.filter.OncePerRequestFilter.doFilter(OncePerRequestFilter.java:116)
	at org.springframework.security.web.FilterChainProxy$VirtualFilterChain.doFilter(FilterChainProxy.java:380)
	at org.springframework.security.web.authentication.logout.LogoutFilter.doFilter(LogoutFilter.java:110)
	at org.springframework.security.web.authentication.logout.LogoutFilter.doFilter(LogoutFilter.java:96)
	at org.springframework.security.web.FilterChainProxy$VirtualFilterChain.doFilter(FilterChainProxy.java:380)
	at org.springframework.security.web.header.HeaderWriterFilter.doHeadersAfter(HeaderWriterFilter.java:90)
	at org.springframework.security.web.header.HeaderWriterFilter.doFilterInternal(HeaderWriterFilter.java:75)
	at org.springframework.web.filter.OncePerRequestFilter.doFilter(OncePerRequestFilter.java:116)
	at org.springframework.security.web.FilterChainProxy$VirtualFilterChain.doFilter(FilterChainProxy.java:380)
	at org.springframework.security.web.context.SecurityContextHolderFilter.doFilter(SecurityContextHolderFilter.java:82)
	at org.springframework.security.web.context.SecurityContextHolderFilter.doFilter(SecurityContextHolderFilter.java:69)
	at org.springframework.security.web.FilterChainProxy$VirtualFilterChain.doFilter(FilterChainProxy.java:380)
	at org.springframework.security.web.context.request.async.WebAsyncManagerIntegrationFilter.doFilterInternal(WebAsyncManagerIntegrationFilter.java:62)
	at org.springframework.web.filter.OncePerRequestFilter.doFilter(OncePerRequestFilter.java:116)
	at org.springframework.security.web.FilterChainProxy$VirtualFilterChain.doFilter(FilterChainProxy.java:380)
	at org.springframework.security.web.session.DisableEncodeUrlFilter.doFilterInternal(DisableEncodeUrlFilter.java:42)
	at org.springframework.web.filter.OncePerRequestFilter.doFilter(OncePerRequestFilter.java:116)
	at org.springframework.security.web.FilterChainProxy$VirtualFilterChain.doFilter(FilterChainProxy.java:380)
	at org.springframework.security.web.FilterChainProxy.doFilterInternal(FilterChainProxy.java:237)
	at org.springframework.security.web.FilterChainProxy.doFilter(FilterChainProxy.java:195)
	at org.springframework.web.filter.CompositeFilter$VirtualFilterChain.doFilter(CompositeFilter.java:113)
	at org.springframework.web.filter.ServletRequestPathFilter.doFilter(ServletRequestPathFilter.java:52)
	at org.springframework.web.filter.CompositeFilter$VirtualFilterChain.doFilter(CompositeFilter.java:113)
	at org.springframework.web.filter.CompositeFilter.doFilter(CompositeFilter.java:74)
	at org.springframework.security.config.annotation.web.configuration.WebSecurityConfiguration$CompositeFilterChainProxy.doFilter(WebSecurityConfiguration.java:317)
	at org.springframework.web.filter.DelegatingFilterProxy.invokeDelegate(DelegatingFilterProxy.java:355)
	at org.springframework.web.filter.DelegatingFilterProxy.doFilter(DelegatingFilterProxy.java:272)
	at org.apache.catalina.core.ApplicationFilterChain.doFilter(ApplicationFilterChain.java:107)
	at org.springframework.web.filter.RequestContextFilter.doFilterInternal(RequestContextFilter.java:100)
	at org.springframework.web.filter.OncePerRequestFilter.doFilter(OncePerRequestFilter.java:116)
	at org.apache.catalina.core.ApplicationFilterChain.doFilter(ApplicationFilterChain.java:107)
	at org.springframework.web.filter.FormContentFilter.doFilterInternal(FormContentFilter.java:93)
	at org.springframework.web.filter.OncePerRequestFilter.doFilter(OncePerRequestFilter.java:116)
	at org.apache.catalina.core.ApplicationFilterChain.doFilter(ApplicationFilterChain.java:107)
	at org.springframework.web.filter.CharacterEncodingFilter.doFilterInternal(CharacterEncodingFilter.java:199)
	at org.springframework.web.filter.OncePerRequestFilter.doFilter(OncePerRequestFilter.java:116)
	at org.apache.catalina.core.ApplicationFilterChain.doFilter(ApplicationFilterChain.java:107)
	at org.apache.catalina.core.StandardWrapperValve.invoke(StandardWrapperValve.java:165)
	at org.apache.catalina.core.StandardContextValve.invoke(StandardContextValve.java:77)
	at org.apache.catalina.authenticator.AuthenticatorBase.invoke(AuthenticatorBase.java:482)
	at org.apache.catalina.core.StandardHostValve.invoke(StandardHostValve.java:113)
	at org.apache.catalina.valves.ErrorReportValve.invoke(ErrorReportValve.java:83)
	at org.apache.catalina.core.StandardEngineValve.invoke(StandardEngineValve.java:72)
	at org.apache.catalina.connector.CoyoteAdapter.service(CoyoteAdapter.java:341)
	at org.apache.coyote.http11.Http11Processor.service(Http11Processor.java:397)
	at org.apache.coyote.AbstractProcessorLight.process(AbstractProcessorLight.java:63)
	at org.apache.coyote.AbstractProtocol$ConnectionHandler.process(AbstractProtocol.java:903)
	at org.apache.tomcat.util.net.NioEndpoint$SocketProcessor.doRun(NioEndpoint.java:1778)
	at org.apache.tomcat.util.net.SocketProcessorBase.run(SocketProcessorBase.java:52)
	at org.apache.tomcat.util.threads.ThreadPoolExecutor.runWorker(ThreadPoolExecutor.java:946)
	at org.apache.tomcat.util.threads.ThreadPoolExecutor$Worker.run(ThreadPoolExecutor.java:480)
	at org.apache.tomcat.util.threads.TaskThread$WrappingRunnable.run(TaskThread.java:57)
	at java.base/java.lang.Thread.run(Thread.java:840)
Caused by: org.hibernate.exception.ConstraintViolationException: could not execute statement [ERROR: null value in column "password" of relation "users" violates not-null constraint
  Detail: Failing row contains (null, 3, johns, null).] [insert into users (enabled,name,password) values (?,?,?)]
	at org.hibernate.exception.internal.SQLStateConversionDelegate.convert(SQLStateConversionDelegate.java:73)
	at org.hibernate.exception.internal.StandardSQLExceptionConverter.convert(StandardSQLExceptionConverter.java:34)
	at org.hibernate.engine.jdbc.spi.SqlExceptionHelper.convert(SqlExceptionHelper.java:115)
	at org.hibernate.engine.jdbc.internal.ResultSetReturnImpl.executeUpdate(ResultSetReturnImpl.java:184)
	at org.hibernate.id.insert.GetGeneratedKeysDelegate.performMutation(GetGeneratedKeysDelegate.java:103)
	at org.hibernate.engine.jdbc.mutation.internal.MutationExecutorSingleNonBatched.performNonBatchedOperations(MutationExecutorSingleNonBatched.java:45)
	at org.hibernate.engine.jdbc.mutation.internal.AbstractMutationExecutor.execute(AbstractMutationExecutor.java:66)
	at org.hibernate.engine.jdbc.mutation.internal.AbstractMutationExecutor.execute(AbstractMutationExecutor.java:55)
	at org.hibernate.persister.entity.mutation.InsertCoordinatorStandard.doStaticInserts(InsertCoordinatorStandard.java:180)
	at org.hibernate.persister.entity.mutation.InsertCoordinatorStandard.coordinateInsert(InsertCoordinatorStandard.java:120)
	at org.hibernate.persister.entity.mutation.InsertCoordinatorStandard.insert(InsertCoordinatorStandard.java:84)
	at org.hibernate.action.internal.EntityIdentityInsertAction.execute(EntityIdentityInsertAction.java:85)
	at org.hibernate.engine.spi.ActionQueue.execute(ActionQueue.java:667)
	at org.hibernate.engine.spi.ActionQueue.addResolvedEntityInsertAction(ActionQueue.java:291)
	at org.hibernate.engine.spi.ActionQueue.addInsertAction(ActionQueue.java:270)
	at org.hibernate.engine.spi.ActionQueue.addAction(ActionQueue.java:322)
	at org.hibernate.event.internal.AbstractSaveEventListener.addInsertAction(AbstractSaveEventListener.java:371)
	at org.hibernate.event.internal.AbstractSaveEventListener.performSaveOrReplicate(AbstractSaveEventListener.java:285)
	at org.hibernate.event.internal.AbstractSaveEventListener.performSave(AbstractSaveEventListener.java:215)
	at org.hibernate.event.internal.AbstractSaveEventListener.saveWithGeneratedId(AbstractSaveEventListener.java:133)
	at org.hibernate.event.internal.DefaultPersistEventListener.entityIsTransient(DefaultPersistEventListener.java:145)
	at org.hibernate.event.internal.DefaultPersistEventListener.persist(DefaultPersistEventListener.java:89)
	at org.hibernate.event.internal.DefaultPersistEventListener.onPersist(DefaultPersistEventListener.java:73)
	at org.hibernate.event.internal.DefaultPersistEventListener.onPersist(DefaultPersistEventListener.java:49)
	at org.hibernate.event.service.internal.EventListenerGroupImpl.fireEventOnEachListener(EventListenerGroupImpl.java:138)
	at org.hibernate.internal.SessionImpl.firePersist(SessionImpl.java:689)
	at org.hibernate.internal.SessionImpl.persist(SessionImpl.java:672)
	at java.base/jdk.internal.reflect.NativeMethodAccessorImpl.invoke0(Native Method)
	at java.base/jdk.internal.reflect.NativeMethodAccessorImpl.invoke(NativeMethodAccessorImpl.java:77)
	at java.base/jdk.internal.reflect.DelegatingMethodAccessorImpl.invoke(DelegatingMethodAccessorImpl.java:43)
	at java.base/java.lang.reflect.Method.invoke(Method.java:569)
	at org.springframework.orm.jpa.ExtendedEntityManagerCreator$ExtendedEntityManagerInvocationHandler.invoke(ExtendedEntityManagerCreator.java:362)
	at jdk.proxy2/jdk.proxy2.$Proxy135.persist(Unknown Source)
	at java.base/jdk.internal.reflect.NativeMethodAccessorImpl.invoke0(Native Method)
	at java.base/jdk.internal.reflect.NativeMethodAccessorImpl.invoke(NativeMethodAccessorImpl.java:77)
	at java.base/jdk.internal.reflect.DelegatingMethodAccessorImpl.invoke(DelegatingMethodAccessorImpl.java:43)
	at java.base/java.lang.reflect.Method.invoke(Method.java:569)
	at org.springframework.orm.jpa.SharedEntityManagerCreator$SharedEntityManagerInvocationHandler.invoke(SharedEntityManagerCreator.java:317)
	at jdk.proxy2/jdk.proxy2.$Proxy135.persist(Unknown Source)
	at org.springframework.data.jpa.repository.support.SimpleJpaRepository.save(SimpleJpaRepository.java:664)
	at java.base/jdk.internal.reflect.NativeMethodAccessorImpl.invoke0(Native Method)
	at java.base/jdk.internal.reflect.NativeMethodAccessorImpl.invoke(NativeMethodAccessorImpl.java:77)
	at java.base/jdk.internal.reflect.DelegatingMethodAccessorImpl.invoke(DelegatingMethodAccessorImpl.java:43)
	at java.base/java.lang.reflect.Method.invoke(Method.java:569)
	at org.springframework.aop.support.AopUtils.invokeJoinpointUsingReflection(AopUtils.java:359)
	at org.springframework.data.repository.core.support.RepositoryMethodInvoker$RepositoryFragmentMethodInvoker.lambda$new$0(RepositoryMethodInvoker.java:278)
	at org.springframework.data.repository.core.support.RepositoryMethodInvoker.doInvoke(RepositoryMethodInvoker.java:169)
	at org.springframework.data.repository.core.support.RepositoryMethodInvoker.invoke(RepositoryMethodInvoker.java:158)
	at org.springframework.data.repository.core.support.RepositoryComposition$RepositoryFragments.invoke(RepositoryComposition.java:545)
	at org.springframework.data.repository.core.support.RepositoryComposition.invoke(RepositoryComposition.java:290)
	at org.springframework.data.repository.core.support.RepositoryFactorySupport$ImplementationMethodExecutionInterceptor.invoke(RepositoryFactorySupport.java:690)
	at org.springframework.aop.framework.ReflectiveMethodInvocation.proceed(ReflectiveMethodInvocation.java:179)
	at org.springframework.data.repository.core.support.QueryExecutorMethodInterceptor.doInvoke(QueryExecutorMethodInterceptor.java:171)
	at org.springframework.data.repository.core.support.QueryExecutorMethodInterceptor.invoke(QueryExecutorMethodInterceptor.java:146)
	at org.springframework.aop.framework.ReflectiveMethodInvocation.proceed(ReflectiveMethodInvocation.java:179)
	at org.springframework.data.projection.DefaultMethodInvokingMethodInterceptor.invoke(DefaultMethodInvokingMethodInterceptor.java:69)
	at org.springframework.aop.framework.ReflectiveMethodInvocation.proceed(ReflectiveMethodInvocation.java:179)
	at org.springframework.transaction.interceptor.TransactionInterceptor$1.proceedWithInvocation(TransactionInterceptor.java:133)
	at org.springframework.transaction.interceptor.TransactionAspectSupport.invokeWithinTransaction(TransactionAspectSupport.java:371)
	at org.springframework.transaction.interceptor.TransactionInterceptor.invoke(TransactionInterceptor.java:130)
	at org.springframework.aop.framework.ReflectiveMethodInvocation.proceed(ReflectiveMethodInvocation.java:179)
	at org.springframework.dao.support.PersistenceExceptionTranslationInterceptor.invoke(PersistenceExceptionTranslationInterceptor.java:135)
	... 109 common frames omitted
Caused by: org.postgresql.util.PSQLException: ERROR: null value in column "password" of relation "users" violates not-null constraint
  Detail: Failing row contains (null, 3, johns, null).
	at org.postgresql.core.v3.QueryExecutorImpl.receiveErrorResponse(QueryExecutorImpl.java:2846)
	at org.postgresql.core.v3.QueryExecutorImpl.processResults(QueryExecutorImpl.java:2531)
	at org.postgresql.core.v3.QueryExecutorImpl.execute(QueryExecutorImpl.java:429)
	at org.postgresql.jdbc.PgStatement.executeInternal(PgStatement.java:526)
	at org.postgresql.jdbc.PgStatement.execute(PgStatement.java:436)
	at org.postgresql.jdbc.PgPreparedStatement.executeWithFlags(PgPreparedStatement.java:196)
	at org.postgresql.jdbc.PgPreparedStatement.executeUpdate(PgPreparedStatement.java:157)
	at com.zaxxer.hikari.pool.ProxyPreparedStatement.executeUpdate(ProxyPreparedStatement.java:61)
	at com.zaxxer.hikari.pool.HikariProxyPreparedStatement.executeUpdate(HikariProxyPreparedStatement.java)
	at org.hibernate.engine.jdbc.internal.ResultSetReturnImpl.executeUpdate(ResultSetReturnImpl.java:181)
	... 167 common frames omitted
2026-04-08 11:08:28.894 [DEBUG] org.hibernate.SQL - select u1_0.user_id,u1_0.enabled,u1_0.name,u1_0.password from users u1_0 where u1_0.name=?
2026-04-08 11:08:28.895 [DEBUG] org.hibernate.SQL - select r1_0.role from roles r1_0 where r1_0.user_id=?
2026-04-08 11:08:28.985 [DEBUG] org.hibernate.SQL - insert into users (enabled,name,password) values (?,?,?)
2026-04-08 11:08:28.988 [ERROR] m9.project.exception.GlobalExceptionHandler - User admin Unexpected error | path=/users/create
org.springframework.dao.DataIntegrityViolationException: could not execute statement [ERROR: null value in column "password" of relation "users" violates not-null constraint
  Detail: Failing row contains (null, 4, johns, null).] [insert into users (enabled,name,password) values (?,?,?)]; SQL [insert into users (enabled,name,password) values (?,?,?)]; constraint [password]
	at org.springframework.orm.jpa.hibernate.HibernateExceptionTranslator.convertHibernateAccessException(HibernateExceptionTranslator.java:169)
	at org.springframework.orm.jpa.hibernate.HibernateExceptionTranslator.convertHibernateAccessException(HibernateExceptionTranslator.java:131)
	at org.springframework.orm.jpa.hibernate.HibernateExceptionTranslator.translateExceptionIfPossible(HibernateExceptionTranslator.java:105)
	at org.springframework.orm.jpa.vendor.HibernateJpaDialect.translateExceptionIfPossible(HibernateJpaDialect.java:199)
	at org.springframework.orm.jpa.AbstractEntityManagerFactoryBean.translateExceptionIfPossible(AbstractEntityManagerFactoryBean.java:556)
	at org.springframework.dao.support.ChainedPersistenceExceptionTranslator.translateExceptionIfPossible(ChainedPersistenceExceptionTranslator.java:61)
	at org.springframework.dao.support.DataAccessUtils.translateIfNecessary(DataAccessUtils.java:346)
	at org.springframework.dao.support.PersistenceExceptionTranslationInterceptor.invoke(PersistenceExceptionTranslationInterceptor.java:157)
	at org.springframework.aop.framework.ReflectiveMethodInvocation.proceed(ReflectiveMethodInvocation.java:179)
	at org.springframework.data.jpa.repository.support.CrudMethodMetadataPostProcessor$CrudMethodMetadataPopulatingMethodInterceptor.invoke(CrudMethodMetadataPostProcessor.java:166)
	at org.springframework.aop.framework.ReflectiveMethodInvocation.proceed(ReflectiveMethodInvocation.java:179)
	at org.springframework.aop.framework.JdkDynamicAopProxy.invoke(JdkDynamicAopProxy.java:222)
	at jdk.proxy2/jdk.proxy2.$Proxy139.save(Unknown Source)
	at m9.project.service.UserService.createUser(UserService.java:25)
	at m9.project.controller.UserController.createUser(UserController.java:38)
	at java.base/jdk.internal.reflect.NativeMethodAccessorImpl.invoke0(Native Method)
	at java.base/jdk.internal.reflect.NativeMethodAccessorImpl.invoke(NativeMethodAccessorImpl.java:77)
	at java.base/jdk.internal.reflect.DelegatingMethodAccessorImpl.invoke(DelegatingMethodAccessorImpl.java:43)
	at java.base/java.lang.reflect.Method.invoke(Method.java:569)
	at org.springframework.aop.support.AopUtils.invokeJoinpointUsingReflection(AopUtils.java:359)
	at org.springframework.aop.framework.ReflectiveMethodInvocation.invokeJoinpoint(ReflectiveMethodInvocation.java:190)
	at org.springframework.aop.framework.ReflectiveMethodInvocation.proceed(ReflectiveMethodInvocation.java:158)
	at org.springframework.security.authorization.method.AuthorizationManagerBeforeMethodInterceptor.proceed(AuthorizationManagerBeforeMethodInterceptor.java:271)
	at org.springframework.security.authorization.method.AuthorizationManagerBeforeMethodInterceptor.attemptAuthorization(AuthorizationManagerBeforeMethodInterceptor.java:266)
	at org.springframework.security.authorization.method.AuthorizationManagerBeforeMethodInterceptor.invoke(AuthorizationManagerBeforeMethodInterceptor.java:197)
	at org.springframework.security.config.annotation.method.configuration.DeferringMethodInterceptor.invoke(DeferringMethodInterceptor.java:44)
	at org.springframework.aop.framework.ReflectiveMethodInvocation.proceed(ReflectiveMethodInvocation.java:179)
	at org.springframework.aop.framework.CglibAopProxy$DynamicAdvisedInterceptor.intercept(CglibAopProxy.java:719)
	at m9.project.controller.UserController$$SpringCGLIB$$0.createUser(<generated>)
	at java.base/jdk.internal.reflect.NativeMethodAccessorImpl.invoke0(Native Method)
	at java.base/jdk.internal.reflect.NativeMethodAccessorImpl.invoke(NativeMethodAccessorImpl.java:77)
	at java.base/jdk.internal.reflect.DelegatingMethodAccessorImpl.invoke(DelegatingMethodAccessorImpl.java:43)
	at java.base/java.lang.reflect.Method.invoke(Method.java:569)
	at org.springframework.web.method.support.InvocableHandlerMethod.doInvoke(InvocableHandlerMethod.java:258)
	at org.springframework.web.method.support.InvocableHandlerMethod.invokeForRequest(InvocableHandlerMethod.java:190)
	at org.springframework.web.servlet.mvc.method.annotation.ServletInvocableHandlerMethod.invokeAndHandle(ServletInvocableHandlerMethod.java:117)
	at org.springframework.web.servlet.mvc.method.annotation.RequestMappingHandlerAdapter.invokeHandlerMethod(RequestMappingHandlerAdapter.java:934)
	at org.springframework.web.servlet.mvc.method.annotation.RequestMappingHandlerAdapter.handleInternal(RequestMappingHandlerAdapter.java:853)
	at org.springframework.web.servlet.mvc.method.AbstractHandlerMethodAdapter.handle(AbstractHandlerMethodAdapter.java:86)
	at org.springframework.web.servlet.DispatcherServlet.doDispatch(DispatcherServlet.java:963)
	at org.springframework.web.servlet.DispatcherServlet.doService(DispatcherServlet.java:866)
	at org.springframework.web.servlet.FrameworkServlet.processRequest(FrameworkServlet.java:1003)
	at org.springframework.web.servlet.FrameworkServlet.doPost(FrameworkServlet.java:903)
	at jakarta.servlet.http.HttpServlet.service(HttpServlet.java:649)
	at org.springframework.web.servlet.FrameworkServlet.service(FrameworkServlet.java:874)
	at jakarta.servlet.http.HttpServlet.service(HttpServlet.java:710)
	at org.apache.catalina.core.ApplicationFilterChain.doFilter(ApplicationFilterChain.java:128)
	at org.apache.tomcat.websocket.server.WsFilter.doFilter(WsFilter.java:53)
	at org.apache.catalina.core.ApplicationFilterChain.doFilter(ApplicationFilterChain.java:107)
	at org.springframework.web.filter.CompositeFilter$VirtualFilterChain.doFilter(CompositeFilter.java:108)
	at org.springframework.security.web.FilterChainProxy.lambda$doFilterInternal$3(FilterChainProxy.java:235)
	at org.springframework.security.web.FilterChainProxy$VirtualFilterChain.doFilter(FilterChainProxy.java:371)
	at org.springframework.security.web.access.intercept.AuthorizationFilter.doFilter(AuthorizationFilter.java:101)
	at org.springframework.security.web.FilterChainProxy$VirtualFilterChain.doFilter(FilterChainProxy.java:380)
	at org.springframework.security.web.access.ExceptionTranslationFilter.doFilter(ExceptionTranslationFilter.java:126)
	at org.springframework.security.web.access.ExceptionTranslationFilter.doFilter(ExceptionTranslationFilter.java:120)
	at org.springframework.security.web.FilterChainProxy$VirtualFilterChain.doFilter(FilterChainProxy.java:380)
	at org.springframework.security.web.authentication.AnonymousAuthenticationFilter.doFilter(AnonymousAuthenticationFilter.java:100)
	at org.springframework.security.web.FilterChainProxy$VirtualFilterChain.doFilter(FilterChainProxy.java:380)
	at org.springframework.security.web.servletapi.SecurityContextHolderAwareRequestFilter.doFilter(SecurityContextHolderAwareRequestFilter.java:181)
	at org.springframework.security.web.FilterChainProxy$VirtualFilterChain.doFilter(FilterChainProxy.java:380)
	at org.springframework.security.web.savedrequest.RequestCacheAwareFilter.doFilter(RequestCacheAwareFilter.java:63)
	at org.springframework.security.web.FilterChainProxy$VirtualFilterChain.doFilter(FilterChainProxy.java:380)
	at org.springframework.security.web.authentication.www.BasicAuthenticationFilter.doFilterInternal(BasicAuthenticationFilter.java:247)
	at org.springframework.web.filter.OncePerRequestFilter.doFilter(OncePerRequestFilter.java:116)
	at org.springframework.security.web.FilterChainProxy$VirtualFilterChain.doFilter(FilterChainProxy.java:380)
	at org.springframework.security.web.authentication.logout.LogoutFilter.doFilter(LogoutFilter.java:110)
	at org.springframework.security.web.authentication.logout.LogoutFilter.doFilter(LogoutFilter.java:96)
	at org.springframework.security.web.FilterChainProxy$VirtualFilterChain.doFilter(FilterChainProxy.java:380)
	at org.springframework.security.web.header.HeaderWriterFilter.doHeadersAfter(HeaderWriterFilter.java:90)
	at org.springframework.security.web.header.HeaderWriterFilter.doFilterInternal(HeaderWriterFilter.java:75)
	at org.springframework.web.filter.OncePerRequestFilter.doFilter(OncePerRequestFilter.java:116)
	at org.springframework.security.web.FilterChainProxy$VirtualFilterChain.doFilter(FilterChainProxy.java:380)
	at org.springframework.security.web.context.SecurityContextHolderFilter.doFilter(SecurityContextHolderFilter.java:82)
	at org.springframework.security.web.context.SecurityContextHolderFilter.doFilter(SecurityContextHolderFilter.java:69)
	at org.springframework.security.web.FilterChainProxy$VirtualFilterChain.doFilter(FilterChainProxy.java:380)
	at org.springframework.security.web.context.request.async.WebAsyncManagerIntegrationFilter.doFilterInternal(WebAsyncManagerIntegrationFilter.java:62)
	at org.springframework.web.filter.OncePerRequestFilter.doFilter(OncePerRequestFilter.java:116)
	at org.springframework.security.web.FilterChainProxy$VirtualFilterChain.doFilter(FilterChainProxy.java:380)
	at org.springframework.security.web.session.DisableEncodeUrlFilter.doFilterInternal(DisableEncodeUrlFilter.java:42)
	at org.springframework.web.filter.OncePerRequestFilter.doFilter(OncePerRequestFilter.java:116)
	at org.springframework.security.web.FilterChainProxy$VirtualFilterChain.doFilter(FilterChainProxy.java:380)
	at org.springframework.security.web.FilterChainProxy.doFilterInternal(FilterChainProxy.java:237)
	at org.springframework.security.web.FilterChainProxy.doFilter(FilterChainProxy.java:195)
	at org.springframework.web.filter.CompositeFilter$VirtualFilterChain.doFilter(CompositeFilter.java:113)
	at org.springframework.web.filter.ServletRequestPathFilter.doFilter(ServletRequestPathFilter.java:52)
	at org.springframework.web.filter.CompositeFilter$VirtualFilterChain.doFilter(CompositeFilter.java:113)
	at org.springframework.web.filter.CompositeFilter.doFilter(CompositeFilter.java:74)
	at org.springframework.security.config.annotation.web.configuration.WebSecurityConfiguration$CompositeFilterChainProxy.doFilter(WebSecurityConfiguration.java:317)
	at org.springframework.web.filter.DelegatingFilterProxy.invokeDelegate(DelegatingFilterProxy.java:355)
	at org.springframework.web.filter.DelegatingFilterProxy.doFilter(DelegatingFilterProxy.java:272)
	at org.apache.catalina.core.ApplicationFilterChain.doFilter(ApplicationFilterChain.java:107)
	at org.springframework.web.filter.RequestContextFilter.doFilterInternal(RequestContextFilter.java:100)
	at org.springframework.web.filter.OncePerRequestFilter.doFilter(OncePerRequestFilter.java:116)
	at org.apache.catalina.core.ApplicationFilterChain.doFilter(ApplicationFilterChain.java:107)
	at org.springframework.web.filter.FormContentFilter.doFilterInternal(FormContentFilter.java:93)
	at org.springframework.web.filter.OncePerRequestFilter.doFilter(OncePerRequestFilter.java:116)
	at org.apache.catalina.core.ApplicationFilterChain.doFilter(ApplicationFilterChain.java:107)
	at org.springframework.web.filter.CharacterEncodingFilter.doFilterInternal(CharacterEncodingFilter.java:199)
	at org.springframework.web.filter.OncePerRequestFilter.doFilter(OncePerRequestFilter.java:116)
	at org.apache.catalina.core.ApplicationFilterChain.doFilter(ApplicationFilterChain.java:107)
	at org.apache.catalina.core.StandardWrapperValve.invoke(StandardWrapperValve.java:165)
	at org.apache.catalina.core.StandardContextValve.invoke(StandardContextValve.java:77)
	at org.apache.catalina.authenticator.AuthenticatorBase.invoke(AuthenticatorBase.java:482)
	at org.apache.catalina.core.StandardHostValve.invoke(StandardHostValve.java:113)
	at org.apache.catalina.valves.ErrorReportValve.invoke(ErrorReportValve.java:83)
	at org.apache.catalina.core.StandardEngineValve.invoke(StandardEngineValve.java:72)
	at org.apache.catalina.connector.CoyoteAdapter.service(CoyoteAdapter.java:341)
	at org.apache.coyote.http11.Http11Processor.service(Http11Processor.java:397)
	at org.apache.coyote.AbstractProcessorLight.process(AbstractProcessorLight.java:63)
	at org.apache.coyote.AbstractProtocol$ConnectionHandler.process(AbstractProtocol.java:903)
	at org.apache.tomcat.util.net.NioEndpoint$SocketProcessor.doRun(NioEndpoint.java:1778)
	at org.apache.tomcat.util.net.SocketProcessorBase.run(SocketProcessorBase.java:52)
	at org.apache.tomcat.util.threads.ThreadPoolExecutor.runWorker(ThreadPoolExecutor.java:946)
	at org.apache.tomcat.util.threads.ThreadPoolExecutor$Worker.run(ThreadPoolExecutor.java:480)
	at org.apache.tomcat.util.threads.TaskThread$WrappingRunnable.run(TaskThread.java:57)
	at java.base/java.lang.Thread.run(Thread.java:840)
Caused by: org.hibernate.exception.ConstraintViolationException: could not execute statement [ERROR: null value in column "password" of relation "users" violates not-null constraint
  Detail: Failing row contains (null, 4, johns, null).] [insert into users (enabled,name,password) values (?,?,?)]
	at org.hibernate.exception.internal.SQLStateConversionDelegate.convert(SQLStateConversionDelegate.java:73)
	at org.hibernate.exception.internal.StandardSQLExceptionConverter.convert(StandardSQLExceptionConverter.java:34)
	at org.hibernate.engine.jdbc.spi.SqlExceptionHelper.convert(SqlExceptionHelper.java:115)
	at org.hibernate.engine.jdbc.internal.ResultSetReturnImpl.executeUpdate(ResultSetReturnImpl.java:184)
	at org.hibernate.id.insert.GetGeneratedKeysDelegate.performMutation(GetGeneratedKeysDelegate.java:103)
	at org.hibernate.engine.jdbc.mutation.internal.MutationExecutorSingleNonBatched.performNonBatchedOperations(MutationExecutorSingleNonBatched.java:45)
	at org.hibernate.engine.jdbc.mutation.internal.AbstractMutationExecutor.execute(AbstractMutationExecutor.java:66)
	at org.hibernate.engine.jdbc.mutation.internal.AbstractMutationExecutor.execute(AbstractMutationExecutor.java:55)
	at org.hibernate.persister.entity.mutation.InsertCoordinatorStandard.doStaticInserts(InsertCoordinatorStandard.java:180)
	at org.hibernate.persister.entity.mutation.InsertCoordinatorStandard.coordinateInsert(InsertCoordinatorStandard.java:120)
	at org.hibernate.persister.entity.mutation.InsertCoordinatorStandard.insert(InsertCoordinatorStandard.java:84)
	at org.hibernate.action.internal.EntityIdentityInsertAction.execute(EntityIdentityInsertAction.java:85)
	at org.hibernate.engine.spi.ActionQueue.execute(ActionQueue.java:667)
	at org.hibernate.engine.spi.ActionQueue.addResolvedEntityInsertAction(ActionQueue.java:291)
	at org.hibernate.engine.spi.ActionQueue.addInsertAction(ActionQueue.java:270)
	at org.hibernate.engine.spi.ActionQueue.addAction(ActionQueue.java:322)
	at org.hibernate.event.internal.AbstractSaveEventListener.addInsertAction(AbstractSaveEventListener.java:371)
	at org.hibernate.event.internal.AbstractSaveEventListener.performSaveOrReplicate(AbstractSaveEventListener.java:285)
	at org.hibernate.event.internal.AbstractSaveEventListener.performSave(AbstractSaveEventListener.java:215)
	at org.hibernate.event.internal.AbstractSaveEventListener.saveWithGeneratedId(AbstractSaveEventListener.java:133)
	at org.hibernate.event.internal.DefaultPersistEventListener.entityIsTransient(DefaultPersistEventListener.java:145)
	at org.hibernate.event.internal.DefaultPersistEventListener.persist(DefaultPersistEventListener.java:89)
	at org.hibernate.event.internal.DefaultPersistEventListener.onPersist(DefaultPersistEventListener.java:73)
	at org.hibernate.event.internal.DefaultPersistEventListener.onPersist(DefaultPersistEventListener.java:49)
	at org.hibernate.event.service.internal.EventListenerGroupImpl.fireEventOnEachListener(EventListenerGroupImpl.java:138)
	at org.hibernate.internal.SessionImpl.firePersist(SessionImpl.java:689)
	at org.hibernate.internal.SessionImpl.persist(SessionImpl.java:672)
	at java.base/jdk.internal.reflect.NativeMethodAccessorImpl.invoke0(Native Method)
	at java.base/jdk.internal.reflect.NativeMethodAccessorImpl.invoke(NativeMethodAccessorImpl.java:77)
	at java.base/jdk.internal.reflect.DelegatingMethodAccessorImpl.invoke(DelegatingMethodAccessorImpl.java:43)
	at java.base/java.lang.reflect.Method.invoke(Method.java:569)
	at org.springframework.orm.jpa.ExtendedEntityManagerCreator$ExtendedEntityManagerInvocationHandler.invoke(ExtendedEntityManagerCreator.java:362)
	at jdk.proxy2/jdk.proxy2.$Proxy135.persist(Unknown Source)
	at java.base/jdk.internal.reflect.NativeMethodAccessorImpl.invoke0(Native Method)
	at java.base/jdk.internal.reflect.NativeMethodAccessorImpl.invoke(NativeMethodAccessorImpl.java:77)
	at java.base/jdk.internal.reflect.DelegatingMethodAccessorImpl.invoke(DelegatingMethodAccessorImpl.java:43)
	at java.base/java.lang.reflect.Method.invoke(Method.java:569)
	at org.springframework.orm.jpa.SharedEntityManagerCreator$SharedEntityManagerInvocationHandler.invoke(SharedEntityManagerCreator.java:317)
	at jdk.proxy2/jdk.proxy2.$Proxy135.persist(Unknown Source)
	at org.springframework.data.jpa.repository.support.SimpleJpaRepository.save(SimpleJpaRepository.java:664)
	at java.base/jdk.internal.reflect.NativeMethodAccessorImpl.invoke0(Native Method)
	at java.base/jdk.internal.reflect.NativeMethodAccessorImpl.invoke(NativeMethodAccessorImpl.java:77)
	at java.base/jdk.internal.reflect.DelegatingMethodAccessorImpl.invoke(DelegatingMethodAccessorImpl.java:43)
	at java.base/java.lang.reflect.Method.invoke(Method.java:569)
	at org.springframework.aop.support.AopUtils.invokeJoinpointUsingReflection(AopUtils.java:359)
	at org.springframework.data.repository.core.support.RepositoryMethodInvoker$RepositoryFragmentMethodInvoker.lambda$new$0(RepositoryMethodInvoker.java:278)
	at org.springframework.data.repository.core.support.RepositoryMethodInvoker.doInvoke(RepositoryMethodInvoker.java:169)
	at org.springframework.data.repository.core.support.RepositoryMethodInvoker.invoke(RepositoryMethodInvoker.java:158)
	at org.springframework.data.repository.core.support.RepositoryComposition$RepositoryFragments.invoke(RepositoryComposition.java:545)
	at org.springframework.data.repository.core.support.RepositoryComposition.invoke(RepositoryComposition.java:290)
	at org.springframework.data.repository.core.support.RepositoryFactorySupport$ImplementationMethodExecutionInterceptor.invoke(RepositoryFactorySupport.java:690)
	at org.springframework.aop.framework.ReflectiveMethodInvocation.proceed(ReflectiveMethodInvocation.java:179)
	at org.springframework.data.repository.core.support.QueryExecutorMethodInterceptor.doInvoke(QueryExecutorMethodInterceptor.java:171)
	at org.springframework.data.repository.core.support.QueryExecutorMethodInterceptor.invoke(QueryExecutorMethodInterceptor.java:146)
	at org.springframework.aop.framework.ReflectiveMethodInvocation.proceed(ReflectiveMethodInvocation.java:179)
	at org.springframework.data.projection.DefaultMethodInvokingMethodInterceptor.invoke(DefaultMethodInvokingMethodInterceptor.java:69)
	at org.springframework.aop.framework.ReflectiveMethodInvocation.proceed(ReflectiveMethodInvocation.java:179)
	at org.springframework.transaction.interceptor.TransactionInterceptor$1.proceedWithInvocation(TransactionInterceptor.java:133)
	at org.springframework.transaction.interceptor.TransactionAspectSupport.invokeWithinTransaction(TransactionAspectSupport.java:371)
	at org.springframework.transaction.interceptor.TransactionInterceptor.invoke(TransactionInterceptor.java:130)
	at org.springframework.aop.framework.ReflectiveMethodInvocation.proceed(ReflectiveMethodInvocation.java:179)
	at org.springframework.dao.support.PersistenceExceptionTranslationInterceptor.invoke(PersistenceExceptionTranslationInterceptor.java:135)
	... 109 common frames omitted
Caused by: org.postgresql.util.PSQLException: ERROR: null value in column "password" of relation "users" violates not-null constraint
  Detail: Failing row contains (null, 4, johns, null).
	at org.postgresql.core.v3.QueryExecutorImpl.receiveErrorResponse(QueryExecutorImpl.java:2846)
	at org.postgresql.core.v3.QueryExecutorImpl.processResults(QueryExecutorImpl.java:2531)
	at org.postgresql.core.v3.QueryExecutorImpl.execute(QueryExecutorImpl.java:429)
	at org.postgresql.jdbc.PgStatement.executeInternal(PgStatement.java:526)
	at org.postgresql.jdbc.PgStatement.execute(PgStatement.java:436)
	at org.postgresql.jdbc.PgPreparedStatement.executeWithFlags(PgPreparedStatement.java:196)
	at org.postgresql.jdbc.PgPreparedStatement.executeUpdate(PgPreparedStatement.java:157)
	at com.zaxxer.hikari.pool.ProxyPreparedStatement.executeUpdate(ProxyPreparedStatement.java:61)
	at com.zaxxer.hikari.pool.HikariProxyPreparedStatement.executeUpdate(HikariProxyPreparedStatement.java)
	at org.hibernate.engine.jdbc.internal.ResultSetReturnImpl.executeUpdate(ResultSetReturnImpl.java:181)
	... 167 common frames omitted
2026-04-08 11:10:31.623 [DEBUG] org.hibernate.SQL - set client_min_messages = WARNING
2026-04-08 11:10:31.624 [DEBUG] org.hibernate.SQL - alter table if exists loans drop constraint if exists FKokwvlrv6o4i4h3le3bwhe6kie
2026-04-08 11:10:31.629 [DEBUG] org.hibernate.SQL - alter table if exists loans drop constraint if exists FK6xxlcjc0rqtn5nq28vjnx5t9d
2026-04-08 11:10:31.631 [DEBUG] org.hibernate.SQL - alter table if exists roles drop constraint if exists FK97mxvrajhkq19dmvboprimeg1
2026-04-08 11:10:31.633 [DEBUG] org.hibernate.SQL - drop table if exists books cascade
2026-04-08 11:10:31.640 [DEBUG] org.hibernate.SQL - drop table if exists loans cascade
2026-04-08 11:10:31.647 [DEBUG] org.hibernate.SQL - drop table if exists roles cascade
2026-04-08 11:10:31.653 [DEBUG] org.hibernate.SQL - drop table if exists users cascade
2026-04-08 11:10:36.418 [INFO] m9.project.Library - Starting Library using Java 17.0.14 with PID 34820 (C:\Users\jiasanchez\Documents\Java\Git\PortableGit\M9_Project1\target\classes started by jiasanchez in C:\Users\jiasanchez\Documents\Java\Git\PortableGit\M9_Project1)
2026-04-08 11:10:36.420 [DEBUG] m9.project.Library - Running with Spring Boot v4.0.2, Spring v7.0.3
2026-04-08 11:10:36.421 [INFO] m9.project.Library - No active profile set, falling back to 1 default profile: "default"
2026-04-08 11:10:39.534 [DEBUG] org.hibernate.SQL - set client_min_messages = WARNING
2026-04-08 11:10:39.535 [DEBUG] org.hibernate.SQL - alter table if exists loans drop constraint if exists FKokwvlrv6o4i4h3le3bwhe6kie
2026-04-08 11:10:39.536 [DEBUG] org.hibernate.SQL - alter table if exists loans drop constraint if exists FK6xxlcjc0rqtn5nq28vjnx5t9d
2026-04-08 11:10:39.538 [DEBUG] org.hibernate.SQL - alter table if exists roles drop constraint if exists FK97mxvrajhkq19dmvboprimeg1
2026-04-08 11:10:39.538 [DEBUG] org.hibernate.SQL - drop table if exists books cascade
2026-04-08 11:10:39.539 [DEBUG] org.hibernate.SQL - drop table if exists loans cascade
2026-04-08 11:10:39.540 [DEBUG] org.hibernate.SQL - drop table if exists roles cascade
2026-04-08 11:10:39.540 [DEBUG] org.hibernate.SQL - drop table if exists users cascade
2026-04-08 11:10:39.548 [DEBUG] org.hibernate.SQL - create table books (is_available boolean, book_id bigint not null, author VARCHAR(300), title VARCHAR(300), primary key (book_id))
2026-04-08 11:10:39.558 [DEBUG] org.hibernate.SQL - create table loans (is_active boolean, book_id bigint, loan_id bigint generated by default as identity, user_id bigint, primary key (loan_id))
2026-04-08 11:10:39.565 [DEBUG] org.hibernate.SQL - create table roles (id bigint generated by default as identity, user_id bigint, role varchar(255), primary key (id))
2026-04-08 11:10:39.572 [DEBUG] org.hibernate.SQL - create table users (enabled boolean, user_id bigint generated by default as identity, name varchar(200) not null, password varchar(255) not null, primary key (user_id))
2026-04-08 11:10:39.580 [DEBUG] org.hibernate.SQL - alter table if exists loans add constraint FKokwvlrv6o4i4h3le3bwhe6kie foreign key (book_id) references books
2026-04-08 11:10:39.584 [DEBUG] org.hibernate.SQL - alter table if exists loans add constraint FK6xxlcjc0rqtn5nq28vjnx5t9d foreign key (user_id) references users
2026-04-08 11:10:39.587 [DEBUG] org.hibernate.SQL - alter table if exists roles add constraint FK97mxvrajhkq19dmvboprimeg1 foreign key (user_id) references users
2026-04-08 11:10:41.534 [INFO] m9.project.Library - Started Library in 5.395 seconds (process running for 6.193)
2026-04-08 11:10:41.624 [DEBUG] org.hibernate.SQL - insert into users (enabled,name,password) values (?,?,?)
2026-04-08 11:10:41.722 [DEBUG] org.hibernate.SQL - insert into users (enabled,name,password) values (?,?,?)
2026-04-08 11:10:41.726 [DEBUG] org.hibernate.SQL - insert into roles (role,user_id) values (?,?)
2026-04-08 11:10:41.730 [DEBUG] org.hibernate.SQL - insert into roles (role,user_id) values (?,?)
2026-04-08 11:10:44.411 [DEBUG] org.hibernate.SQL - select u1_0.user_id,u1_0.enabled,u1_0.name,u1_0.password from users u1_0 where u1_0.name=?
2026-04-08 11:10:44.442 [DEBUG] org.hibernate.SQL - select r1_0.role from roles r1_0 where r1_0.user_id=?
2026-04-08 11:10:44.711 [DEBUG] org.hibernate.SQL - insert into users (enabled,name,password) values (?,?,?)
2026-04-08 11:10:44.732 [ERROR] m9.project.exception.GlobalExceptionHandler - User admin Unexpected error | path=/users/create
org.springframework.dao.DataIntegrityViolationException: could not execute statement [ERROR: null value in column "password" of relation "users" violates not-null constraint
  Detail: Failing row contains (null, 3, johns, null).] [insert into users (enabled,name,password) values (?,?,?)]; SQL [insert into users (enabled,name,password) values (?,?,?)]; constraint [password]
	at org.springframework.orm.jpa.hibernate.HibernateExceptionTranslator.convertHibernateAccessException(HibernateExceptionTranslator.java:169)
	at org.springframework.orm.jpa.hibernate.HibernateExceptionTranslator.convertHibernateAccessException(HibernateExceptionTranslator.java:131)
	at org.springframework.orm.jpa.hibernate.HibernateExceptionTranslator.translateExceptionIfPossible(HibernateExceptionTranslator.java:105)
	at org.springframework.orm.jpa.vendor.HibernateJpaDialect.translateExceptionIfPossible(HibernateJpaDialect.java:199)
	at org.springframework.orm.jpa.AbstractEntityManagerFactoryBean.translateExceptionIfPossible(AbstractEntityManagerFactoryBean.java:556)
	at org.springframework.dao.support.ChainedPersistenceExceptionTranslator.translateExceptionIfPossible(ChainedPersistenceExceptionTranslator.java:61)
	at org.springframework.dao.support.DataAccessUtils.translateIfNecessary(DataAccessUtils.java:346)
	at org.springframework.dao.support.PersistenceExceptionTranslationInterceptor.invoke(PersistenceExceptionTranslationInterceptor.java:157)
	at org.springframework.aop.framework.ReflectiveMethodInvocation.proceed(ReflectiveMethodInvocation.java:179)
	at org.springframework.data.jpa.repository.support.CrudMethodMetadataPostProcessor$CrudMethodMetadataPopulatingMethodInterceptor.invoke(CrudMethodMetadataPostProcessor.java:166)
	at org.springframework.aop.framework.ReflectiveMethodInvocation.proceed(ReflectiveMethodInvocation.java:179)
	at org.springframework.aop.framework.JdkDynamicAopProxy.invoke(JdkDynamicAopProxy.java:222)
	at jdk.proxy2/jdk.proxy2.$Proxy139.save(Unknown Source)
	at m9.project.service.UserService.createUser(UserService.java:26)
	at m9.project.controller.UserController.createUser(UserController.java:38)
	at java.base/jdk.internal.reflect.NativeMethodAccessorImpl.invoke0(Native Method)
	at java.base/jdk.internal.reflect.NativeMethodAccessorImpl.invoke(NativeMethodAccessorImpl.java:77)
	at java.base/jdk.internal.reflect.DelegatingMethodAccessorImpl.invoke(DelegatingMethodAccessorImpl.java:43)
	at java.base/java.lang.reflect.Method.invoke(Method.java:569)
	at org.springframework.aop.support.AopUtils.invokeJoinpointUsingReflection(AopUtils.java:359)
	at org.springframework.aop.framework.ReflectiveMethodInvocation.invokeJoinpoint(ReflectiveMethodInvocation.java:190)
	at org.springframework.aop.framework.ReflectiveMethodInvocation.proceed(ReflectiveMethodInvocation.java:158)
	at org.springframework.security.authorization.method.AuthorizationManagerBeforeMethodInterceptor.proceed(AuthorizationManagerBeforeMethodInterceptor.java:271)
	at org.springframework.security.authorization.method.AuthorizationManagerBeforeMethodInterceptor.attemptAuthorization(AuthorizationManagerBeforeMethodInterceptor.java:266)
	at org.springframework.security.authorization.method.AuthorizationManagerBeforeMethodInterceptor.invoke(AuthorizationManagerBeforeMethodInterceptor.java:197)
	at org.springframework.security.config.annotation.method.configuration.DeferringMethodInterceptor.invoke(DeferringMethodInterceptor.java:44)
	at org.springframework.aop.framework.ReflectiveMethodInvocation.proceed(ReflectiveMethodInvocation.java:179)
	at org.springframework.aop.framework.CglibAopProxy$DynamicAdvisedInterceptor.intercept(CglibAopProxy.java:719)
	at m9.project.controller.UserController$$SpringCGLIB$$0.createUser(<generated>)
	at java.base/jdk.internal.reflect.NativeMethodAccessorImpl.invoke0(Native Method)
	at java.base/jdk.internal.reflect.NativeMethodAccessorImpl.invoke(NativeMethodAccessorImpl.java:77)
	at java.base/jdk.internal.reflect.DelegatingMethodAccessorImpl.invoke(DelegatingMethodAccessorImpl.java:43)
	at java.base/java.lang.reflect.Method.invoke(Method.java:569)
	at org.springframework.web.method.support.InvocableHandlerMethod.doInvoke(InvocableHandlerMethod.java:258)
	at org.springframework.web.method.support.InvocableHandlerMethod.invokeForRequest(InvocableHandlerMethod.java:190)
	at org.springframework.web.servlet.mvc.method.annotation.ServletInvocableHandlerMethod.invokeAndHandle(ServletInvocableHandlerMethod.java:117)
	at org.springframework.web.servlet.mvc.method.annotation.RequestMappingHandlerAdapter.invokeHandlerMethod(RequestMappingHandlerAdapter.java:934)
	at org.springframework.web.servlet.mvc.method.annotation.RequestMappingHandlerAdapter.handleInternal(RequestMappingHandlerAdapter.java:853)
	at org.springframework.web.servlet.mvc.method.AbstractHandlerMethodAdapter.handle(AbstractHandlerMethodAdapter.java:86)
	at org.springframework.web.servlet.DispatcherServlet.doDispatch(DispatcherServlet.java:963)
	at org.springframework.web.servlet.DispatcherServlet.doService(DispatcherServlet.java:866)
	at org.springframework.web.servlet.FrameworkServlet.processRequest(FrameworkServlet.java:1003)
	at org.springframework.web.servlet.FrameworkServlet.doPost(FrameworkServlet.java:903)
	at jakarta.servlet.http.HttpServlet.service(HttpServlet.java:649)
	at org.springframework.web.servlet.FrameworkServlet.service(FrameworkServlet.java:874)
	at jakarta.servlet.http.HttpServlet.service(HttpServlet.java:710)
	at org.apache.catalina.core.ApplicationFilterChain.doFilter(ApplicationFilterChain.java:128)
	at org.apache.tomcat.websocket.server.WsFilter.doFilter(WsFilter.java:53)
	at org.apache.catalina.core.ApplicationFilterChain.doFilter(ApplicationFilterChain.java:107)
	at org.springframework.web.filter.CompositeFilter$VirtualFilterChain.doFilter(CompositeFilter.java:108)
	at org.springframework.security.web.FilterChainProxy.lambda$doFilterInternal$3(FilterChainProxy.java:235)
	at org.springframework.security.web.FilterChainProxy$VirtualFilterChain.doFilter(FilterChainProxy.java:371)
	at org.springframework.security.web.access.intercept.AuthorizationFilter.doFilter(AuthorizationFilter.java:101)
	at org.springframework.security.web.FilterChainProxy$VirtualFilterChain.doFilter(FilterChainProxy.java:380)
	at org.springframework.security.web.access.ExceptionTranslationFilter.doFilter(ExceptionTranslationFilter.java:126)
	at org.springframework.security.web.access.ExceptionTranslationFilter.doFilter(ExceptionTranslationFilter.java:120)
	at org.springframework.security.web.FilterChainProxy$VirtualFilterChain.doFilter(FilterChainProxy.java:380)
	at org.springframework.security.web.authentication.AnonymousAuthenticationFilter.doFilter(AnonymousAuthenticationFilter.java:100)
	at org.springframework.security.web.FilterChainProxy$VirtualFilterChain.doFilter(FilterChainProxy.java:380)
	at org.springframework.security.web.servletapi.SecurityContextHolderAwareRequestFilter.doFilter(SecurityContextHolderAwareRequestFilter.java:181)
	at org.springframework.security.web.FilterChainProxy$VirtualFilterChain.doFilter(FilterChainProxy.java:380)
	at org.springframework.security.web.savedrequest.RequestCacheAwareFilter.doFilter(RequestCacheAwareFilter.java:63)
	at org.springframework.security.web.FilterChainProxy$VirtualFilterChain.doFilter(FilterChainProxy.java:380)
	at org.springframework.security.web.authentication.www.BasicAuthenticationFilter.doFilterInternal(BasicAuthenticationFilter.java:247)
	at org.springframework.web.filter.OncePerRequestFilter.doFilter(OncePerRequestFilter.java:116)
	at org.springframework.security.web.FilterChainProxy$VirtualFilterChain.doFilter(FilterChainProxy.java:380)
	at org.springframework.security.web.authentication.logout.LogoutFilter.doFilter(LogoutFilter.java:110)
	at org.springframework.security.web.authentication.logout.LogoutFilter.doFilter(LogoutFilter.java:96)
	at org.springframework.security.web.FilterChainProxy$VirtualFilterChain.doFilter(FilterChainProxy.java:380)
	at org.springframework.security.web.header.HeaderWriterFilter.doHeadersAfter(HeaderWriterFilter.java:90)
	at org.springframework.security.web.header.HeaderWriterFilter.doFilterInternal(HeaderWriterFilter.java:75)
	at org.springframework.web.filter.OncePerRequestFilter.doFilter(OncePerRequestFilter.java:116)
	at org.springframework.security.web.FilterChainProxy$VirtualFilterChain.doFilter(FilterChainProxy.java:380)
	at org.springframework.security.web.context.SecurityContextHolderFilter.doFilter(SecurityContextHolderFilter.java:82)
	at org.springframework.security.web.context.SecurityContextHolderFilter.doFilter(SecurityContextHolderFilter.java:69)
	at org.springframework.security.web.FilterChainProxy$VirtualFilterChain.doFilter(FilterChainProxy.java:380)
	at org.springframework.security.web.context.request.async.WebAsyncManagerIntegrationFilter.doFilterInternal(WebAsyncManagerIntegrationFilter.java:62)
	at org.springframework.web.filter.OncePerRequestFilter.doFilter(OncePerRequestFilter.java:116)
	at org.springframework.security.web.FilterChainProxy$VirtualFilterChain.doFilter(FilterChainProxy.java:380)
	at org.springframework.security.web.session.DisableEncodeUrlFilter.doFilterInternal(DisableEncodeUrlFilter.java:42)
	at org.springframework.web.filter.OncePerRequestFilter.doFilter(OncePerRequestFilter.java:116)
	at org.springframework.security.web.FilterChainProxy$VirtualFilterChain.doFilter(FilterChainProxy.java:380)
	at org.springframework.security.web.FilterChainProxy.doFilterInternal(FilterChainProxy.java:237)
	at org.springframework.security.web.FilterChainProxy.doFilter(FilterChainProxy.java:195)
	at org.springframework.web.filter.CompositeFilter$VirtualFilterChain.doFilter(CompositeFilter.java:113)
	at org.springframework.web.filter.ServletRequestPathFilter.doFilter(ServletRequestPathFilter.java:52)
	at org.springframework.web.filter.CompositeFilter$VirtualFilterChain.doFilter(CompositeFilter.java:113)
	at org.springframework.web.filter.CompositeFilter.doFilter(CompositeFilter.java:74)
	at org.springframework.security.config.annotation.web.configuration.WebSecurityConfiguration$CompositeFilterChainProxy.doFilter(WebSecurityConfiguration.java:317)
	at org.springframework.web.filter.DelegatingFilterProxy.invokeDelegate(DelegatingFilterProxy.java:355)
	at org.springframework.web.filter.DelegatingFilterProxy.doFilter(DelegatingFilterProxy.java:272)
	at org.apache.catalina.core.ApplicationFilterChain.doFilter(ApplicationFilterChain.java:107)
	at org.springframework.web.filter.RequestContextFilter.doFilterInternal(RequestContextFilter.java:100)
	at org.springframework.web.filter.OncePerRequestFilter.doFilter(OncePerRequestFilter.java:116)
	at org.apache.catalina.core.ApplicationFilterChain.doFilter(ApplicationFilterChain.java:107)
	at org.springframework.web.filter.FormContentFilter.doFilterInternal(FormContentFilter.java:93)
	at org.springframework.web.filter.OncePerRequestFilter.doFilter(OncePerRequestFilter.java:116)
	at org.apache.catalina.core.ApplicationFilterChain.doFilter(ApplicationFilterChain.java:107)
	at org.springframework.web.filter.CharacterEncodingFilter.doFilterInternal(CharacterEncodingFilter.java:199)
	at org.springframework.web.filter.OncePerRequestFilter.doFilter(OncePerRequestFilter.java:116)
	at org.apache.catalina.core.ApplicationFilterChain.doFilter(ApplicationFilterChain.java:107)
	at org.apache.catalina.core.StandardWrapperValve.invoke(StandardWrapperValve.java:165)
	at org.apache.catalina.core.StandardContextValve.invoke(StandardContextValve.java:77)
	at org.apache.catalina.authenticator.AuthenticatorBase.invoke(AuthenticatorBase.java:482)
	at org.apache.catalina.core.StandardHostValve.invoke(StandardHostValve.java:113)
	at org.apache.catalina.valves.ErrorReportValve.invoke(ErrorReportValve.java:83)
	at org.apache.catalina.core.StandardEngineValve.invoke(StandardEngineValve.java:72)
	at org.apache.catalina.connector.CoyoteAdapter.service(CoyoteAdapter.java:341)
	at org.apache.coyote.http11.Http11Processor.service(Http11Processor.java:397)
	at org.apache.coyote.AbstractProcessorLight.process(AbstractProcessorLight.java:63)
	at org.apache.coyote.AbstractProtocol$ConnectionHandler.process(AbstractProtocol.java:903)
	at org.apache.tomcat.util.net.NioEndpoint$SocketProcessor.doRun(NioEndpoint.java:1778)
	at org.apache.tomcat.util.net.SocketProcessorBase.run(SocketProcessorBase.java:52)
	at org.apache.tomcat.util.threads.ThreadPoolExecutor.runWorker(ThreadPoolExecutor.java:946)
	at org.apache.tomcat.util.threads.ThreadPoolExecutor$Worker.run(ThreadPoolExecutor.java:480)
	at org.apache.tomcat.util.threads.TaskThread$WrappingRunnable.run(TaskThread.java:57)
	at java.base/java.lang.Thread.run(Thread.java:840)
Caused by: org.hibernate.exception.ConstraintViolationException: could not execute statement [ERROR: null value in column "password" of relation "users" violates not-null constraint
  Detail: Failing row contains (null, 3, johns, null).] [insert into users (enabled,name,password) values (?,?,?)]
	at org.hibernate.exception.internal.SQLStateConversionDelegate.convert(SQLStateConversionDelegate.java:73)
	at org.hibernate.exception.internal.StandardSQLExceptionConverter.convert(StandardSQLExceptionConverter.java:34)
	at org.hibernate.engine.jdbc.spi.SqlExceptionHelper.convert(SqlExceptionHelper.java:115)
	at org.hibernate.engine.jdbc.internal.ResultSetReturnImpl.executeUpdate(ResultSetReturnImpl.java:184)
	at org.hibernate.id.insert.GetGeneratedKeysDelegate.performMutation(GetGeneratedKeysDelegate.java:103)
	at org.hibernate.engine.jdbc.mutation.internal.MutationExecutorSingleNonBatched.performNonBatchedOperations(MutationExecutorSingleNonBatched.java:45)
	at org.hibernate.engine.jdbc.mutation.internal.AbstractMutationExecutor.execute(AbstractMutationExecutor.java:66)
	at org.hibernate.engine.jdbc.mutation.internal.AbstractMutationExecutor.execute(AbstractMutationExecutor.java:55)
	at org.hibernate.persister.entity.mutation.InsertCoordinatorStandard.doStaticInserts(InsertCoordinatorStandard.java:180)
	at org.hibernate.persister.entity.mutation.InsertCoordinatorStandard.coordinateInsert(InsertCoordinatorStandard.java:120)
	at org.hibernate.persister.entity.mutation.InsertCoordinatorStandard.insert(InsertCoordinatorStandard.java:84)
	at org.hibernate.action.internal.EntityIdentityInsertAction.execute(EntityIdentityInsertAction.java:85)
	at org.hibernate.engine.spi.ActionQueue.execute(ActionQueue.java:667)
	at org.hibernate.engine.spi.ActionQueue.addResolvedEntityInsertAction(ActionQueue.java:291)
	at org.hibernate.engine.spi.ActionQueue.addInsertAction(ActionQueue.java:270)
	at org.hibernate.engine.spi.ActionQueue.addAction(ActionQueue.java:322)
	at org.hibernate.event.internal.AbstractSaveEventListener.addInsertAction(AbstractSaveEventListener.java:371)
	at org.hibernate.event.internal.AbstractSaveEventListener.performSaveOrReplicate(AbstractSaveEventListener.java:285)
	at org.hibernate.event.internal.AbstractSaveEventListener.performSave(AbstractSaveEventListener.java:215)
	at org.hibernate.event.internal.AbstractSaveEventListener.saveWithGeneratedId(AbstractSaveEventListener.java:133)
	at org.hibernate.event.internal.DefaultPersistEventListener.entityIsTransient(DefaultPersistEventListener.java:145)
	at org.hibernate.event.internal.DefaultPersistEventListener.persist(DefaultPersistEventListener.java:89)
	at org.hibernate.event.internal.DefaultPersistEventListener.onPersist(DefaultPersistEventListener.java:73)
	at org.hibernate.event.internal.DefaultPersistEventListener.onPersist(DefaultPersistEventListener.java:49)
	at org.hibernate.event.service.internal.EventListenerGroupImpl.fireEventOnEachListener(EventListenerGroupImpl.java:138)
	at org.hibernate.internal.SessionImpl.firePersist(SessionImpl.java:689)
	at org.hibernate.internal.SessionImpl.persist(SessionImpl.java:672)
	at java.base/jdk.internal.reflect.NativeMethodAccessorImpl.invoke0(Native Method)
	at java.base/jdk.internal.reflect.NativeMethodAccessorImpl.invoke(NativeMethodAccessorImpl.java:77)
	at java.base/jdk.internal.reflect.DelegatingMethodAccessorImpl.invoke(DelegatingMethodAccessorImpl.java:43)
	at java.base/java.lang.reflect.Method.invoke(Method.java:569)
	at org.springframework.orm.jpa.ExtendedEntityManagerCreator$ExtendedEntityManagerInvocationHandler.invoke(ExtendedEntityManagerCreator.java:362)
	at jdk.proxy2/jdk.proxy2.$Proxy135.persist(Unknown Source)
	at java.base/jdk.internal.reflect.NativeMethodAccessorImpl.invoke0(Native Method)
	at java.base/jdk.internal.reflect.NativeMethodAccessorImpl.invoke(NativeMethodAccessorImpl.java:77)
	at java.base/jdk.internal.reflect.DelegatingMethodAccessorImpl.invoke(DelegatingMethodAccessorImpl.java:43)
	at java.base/java.lang.reflect.Method.invoke(Method.java:569)
	at org.springframework.orm.jpa.SharedEntityManagerCreator$SharedEntityManagerInvocationHandler.invoke(SharedEntityManagerCreator.java:317)
	at jdk.proxy2/jdk.proxy2.$Proxy135.persist(Unknown Source)
	at org.springframework.data.jpa.repository.support.SimpleJpaRepository.save(SimpleJpaRepository.java:664)
	at java.base/jdk.internal.reflect.NativeMethodAccessorImpl.invoke0(Native Method)
	at java.base/jdk.internal.reflect.NativeMethodAccessorImpl.invoke(NativeMethodAccessorImpl.java:77)
	at java.base/jdk.internal.reflect.DelegatingMethodAccessorImpl.invoke(DelegatingMethodAccessorImpl.java:43)
	at java.base/java.lang.reflect.Method.invoke(Method.java:569)
	at org.springframework.aop.support.AopUtils.invokeJoinpointUsingReflection(AopUtils.java:359)
	at org.springframework.data.repository.core.support.RepositoryMethodInvoker$RepositoryFragmentMethodInvoker.lambda$new$0(RepositoryMethodInvoker.java:278)
	at org.springframework.data.repository.core.support.RepositoryMethodInvoker.doInvoke(RepositoryMethodInvoker.java:169)
	at org.springframework.data.repository.core.support.RepositoryMethodInvoker.invoke(RepositoryMethodInvoker.java:158)
	at org.springframework.data.repository.core.support.RepositoryComposition$RepositoryFragments.invoke(RepositoryComposition.java:545)
	at org.springframework.data.repository.core.support.RepositoryComposition.invoke(RepositoryComposition.java:290)
	at org.springframework.data.repository.core.support.RepositoryFactorySupport$ImplementationMethodExecutionInterceptor.invoke(RepositoryFactorySupport.java:690)
	at org.springframework.aop.framework.ReflectiveMethodInvocation.proceed(ReflectiveMethodInvocation.java:179)
	at org.springframework.data.repository.core.support.QueryExecutorMethodInterceptor.doInvoke(QueryExecutorMethodInterceptor.java:171)
	at org.springframework.data.repository.core.support.QueryExecutorMethodInterceptor.invoke(QueryExecutorMethodInterceptor.java:146)
	at org.springframework.aop.framework.ReflectiveMethodInvocation.proceed(ReflectiveMethodInvocation.java:179)
	at org.springframework.data.projection.DefaultMethodInvokingMethodInterceptor.invoke(DefaultMethodInvokingMethodInterceptor.java:69)
	at org.springframework.aop.framework.ReflectiveMethodInvocation.proceed(ReflectiveMethodInvocation.java:179)
	at org.springframework.transaction.interceptor.TransactionInterceptor$1.proceedWithInvocation(TransactionInterceptor.java:133)
	at org.springframework.transaction.interceptor.TransactionAspectSupport.invokeWithinTransaction(TransactionAspectSupport.java:371)
	at org.springframework.transaction.interceptor.TransactionInterceptor.invoke(TransactionInterceptor.java:130)
	at org.springframework.aop.framework.ReflectiveMethodInvocation.proceed(ReflectiveMethodInvocation.java:179)
	at org.springframework.dao.support.PersistenceExceptionTranslationInterceptor.invoke(PersistenceExceptionTranslationInterceptor.java:135)
	... 109 common frames omitted
Caused by: org.postgresql.util.PSQLException: ERROR: null value in column "password" of relation "users" violates not-null constraint
  Detail: Failing row contains (null, 3, johns, null).
	at org.postgresql.core.v3.QueryExecutorImpl.receiveErrorResponse(QueryExecutorImpl.java:2846)
	at org.postgresql.core.v3.QueryExecutorImpl.processResults(QueryExecutorImpl.java:2531)
	at org.postgresql.core.v3.QueryExecutorImpl.execute(QueryExecutorImpl.java:429)
	at org.postgresql.jdbc.PgStatement.executeInternal(PgStatement.java:526)
	at org.postgresql.jdbc.PgStatement.execute(PgStatement.java:436)
	at org.postgresql.jdbc.PgPreparedStatement.executeWithFlags(PgPreparedStatement.java:196)
	at org.postgresql.jdbc.PgPreparedStatement.executeUpdate(PgPreparedStatement.java:157)
	at com.zaxxer.hikari.pool.ProxyPreparedStatement.executeUpdate(ProxyPreparedStatement.java:61)
	at com.zaxxer.hikari.pool.HikariProxyPreparedStatement.executeUpdate(HikariProxyPreparedStatement.java)
	at org.hibernate.engine.jdbc.internal.ResultSetReturnImpl.executeUpdate(ResultSetReturnImpl.java:181)
	... 167 common frames omitted
2026-04-08 11:10:57.377 [DEBUG] org.hibernate.SQL - set client_min_messages = WARNING
2026-04-08 11:10:57.378 [DEBUG] org.hibernate.SQL - alter table if exists loans drop constraint if exists FKokwvlrv6o4i4h3le3bwhe6kie
2026-04-08 11:10:57.382 [DEBUG] org.hibernate.SQL - alter table if exists loans drop constraint if exists FK6xxlcjc0rqtn5nq28vjnx5t9d
2026-04-08 11:10:57.385 [DEBUG] org.hibernate.SQL - alter table if exists roles drop constraint if exists FK97mxvrajhkq19dmvboprimeg1
2026-04-08 11:10:57.389 [DEBUG] org.hibernate.SQL - drop table if exists books cascade
2026-04-08 11:10:57.395 [DEBUG] org.hibernate.SQL - drop table if exists loans cascade
2026-04-08 11:10:57.399 [DEBUG] org.hibernate.SQL - drop table if exists roles cascade
2026-04-08 11:10:57.406 [DEBUG] org.hibernate.SQL - drop table if exists users cascade
2026-04-08 11:13:02.170 [INFO] m9.project.Library - Starting Library using Java 17.0.14 with PID 16200 (C:\Users\jiasanchez\Documents\Java\Git\PortableGit\M9_Project1\target\classes started by jiasanchez in C:\Users\jiasanchez\Documents\Java\Git\PortableGit\M9_Project1)
2026-04-08 11:13:02.173 [DEBUG] m9.project.Library - Running with Spring Boot v4.0.2, Spring v7.0.3
2026-04-08 11:13:02.174 [INFO] m9.project.Library - No active profile set, falling back to 1 default profile: "default"
2026-04-08 11:13:04.656 [DEBUG] org.hibernate.SQL - set client_min_messages = WARNING
2026-04-08 11:13:04.658 [DEBUG] org.hibernate.SQL - alter table if exists loans drop constraint if exists FKokwvlrv6o4i4h3le3bwhe6kie
2026-04-08 11:13:04.659 [DEBUG] org.hibernate.SQL - alter table if exists loans drop constraint if exists FK6xxlcjc0rqtn5nq28vjnx5t9d
2026-04-08 11:13:04.660 [DEBUG] org.hibernate.SQL - alter table if exists roles drop constraint if exists FK97mxvrajhkq19dmvboprimeg1
2026-04-08 11:13:04.661 [DEBUG] org.hibernate.SQL - drop table if exists books cascade
2026-04-08 11:13:04.661 [DEBUG] org.hibernate.SQL - drop table if exists loans cascade
2026-04-08 11:13:04.662 [DEBUG] org.hibernate.SQL - drop table if exists roles cascade
2026-04-08 11:13:04.663 [DEBUG] org.hibernate.SQL - drop table if exists users cascade
2026-04-08 11:13:04.671 [DEBUG] org.hibernate.SQL - create table books (is_available boolean, book_id bigint not null, author VARCHAR(300), title VARCHAR(300), primary key (book_id))
2026-04-08 11:13:04.679 [DEBUG] org.hibernate.SQL - create table loans (is_active boolean, book_id bigint, loan_id bigint generated by default as identity, user_id bigint, primary key (loan_id))
2026-04-08 11:13:04.685 [DEBUG] org.hibernate.SQL - create table roles (id bigint generated by default as identity, user_id bigint, role varchar(255), primary key (id))
2026-04-08 11:13:04.690 [DEBUG] org.hibernate.SQL - create table users (enabled boolean, user_id bigint generated by default as identity, name varchar(200) not null, password varchar(255) not null, primary key (user_id))
2026-04-08 11:13:04.697 [DEBUG] org.hibernate.SQL - alter table if exists loans add constraint FKokwvlrv6o4i4h3le3bwhe6kie foreign key (book_id) references books
2026-04-08 11:13:04.701 [DEBUG] org.hibernate.SQL - alter table if exists loans add constraint FK6xxlcjc0rqtn5nq28vjnx5t9d foreign key (user_id) references users
2026-04-08 11:13:04.703 [DEBUG] org.hibernate.SQL - alter table if exists roles add constraint FK97mxvrajhkq19dmvboprimeg1 foreign key (user_id) references users
2026-04-08 11:13:06.847 [INFO] m9.project.Library - Started Library in 4.96 seconds (process running for 5.705)
2026-04-08 11:13:06.984 [DEBUG] org.hibernate.SQL - insert into users (enabled,name,password) values (?,?,?)
2026-04-08 11:13:07.122 [DEBUG] org.hibernate.SQL - insert into users (enabled,name,password) values (?,?,?)
2026-04-08 11:13:07.128 [DEBUG] org.hibernate.SQL - insert into roles (role,user_id) values (?,?)
2026-04-08 11:13:07.134 [DEBUG] org.hibernate.SQL - insert into roles (role,user_id) values (?,?)
2026-04-08 11:13:46.583 [DEBUG] org.hibernate.SQL - select u1_0.user_id,u1_0.enabled,u1_0.name,u1_0.password from users u1_0 where u1_0.name=?
2026-04-08 11:13:46.612 [DEBUG] org.hibernate.SQL - select r1_0.role from roles r1_0 where r1_0.user_id=?
2026-04-08 11:13:46.872 [ERROR] m9.project.exception.GlobalExceptionHandler - User admin Unexpected error | path=/users/create
jakarta.servlet.ServletException: Handler dispatch failed: java.lang.Error: Unresolved compilation problems: 
	The method setPassword(String) in the type User is not applicable for the arguments ()
	The method setEnabled(Boolean) in the type User is not applicable for the arguments ()

	at org.springframework.web.servlet.DispatcherServlet.doDispatch(DispatcherServlet.java:978)
	at org.springframework.web.servlet.DispatcherServlet.doService(DispatcherServlet.java:866)
	at org.springframework.web.servlet.FrameworkServlet.processRequest(FrameworkServlet.java:1003)
	at org.springframework.web.servlet.FrameworkServlet.doPost(FrameworkServlet.java:903)
	at jakarta.servlet.http.HttpServlet.service(HttpServlet.java:649)
	at org.springframework.web.servlet.FrameworkServlet.service(FrameworkServlet.java:874)
	at jakarta.servlet.http.HttpServlet.service(HttpServlet.java:710)
	at org.apache.catalina.core.ApplicationFilterChain.doFilter(ApplicationFilterChain.java:128)
	at org.apache.tomcat.websocket.server.WsFilter.doFilter(WsFilter.java:53)
	at org.apache.catalina.core.ApplicationFilterChain.doFilter(ApplicationFilterChain.java:107)
	at org.springframework.web.filter.CompositeFilter$VirtualFilterChain.doFilter(CompositeFilter.java:108)
	at org.springframework.security.web.FilterChainProxy.lambda$doFilterInternal$3(FilterChainProxy.java:235)
	at org.springframework.security.web.FilterChainProxy$VirtualFilterChain.doFilter(FilterChainProxy.java:371)
	at org.springframework.security.web.access.intercept.AuthorizationFilter.doFilter(AuthorizationFilter.java:101)
	at org.springframework.security.web.FilterChainProxy$VirtualFilterChain.doFilter(FilterChainProxy.java:380)
	at org.springframework.security.web.access.ExceptionTranslationFilter.doFilter(ExceptionTranslationFilter.java:126)
	at org.springframework.security.web.access.ExceptionTranslationFilter.doFilter(ExceptionTranslationFilter.java:120)
	at org.springframework.security.web.FilterChainProxy$VirtualFilterChain.doFilter(FilterChainProxy.java:380)
	at org.springframework.security.web.authentication.AnonymousAuthenticationFilter.doFilter(AnonymousAuthenticationFilter.java:100)
	at org.springframework.security.web.FilterChainProxy$VirtualFilterChain.doFilter(FilterChainProxy.java:380)
	at org.springframework.security.web.servletapi.SecurityContextHolderAwareRequestFilter.doFilter(SecurityContextHolderAwareRequestFilter.java:181)
	at org.springframework.security.web.FilterChainProxy$VirtualFilterChain.doFilter(FilterChainProxy.java:380)
	at org.springframework.security.web.savedrequest.RequestCacheAwareFilter.doFilter(RequestCacheAwareFilter.java:63)
	at org.springframework.security.web.FilterChainProxy$VirtualFilterChain.doFilter(FilterChainProxy.java:380)
	at org.springframework.security.web.authentication.www.BasicAuthenticationFilter.doFilterInternal(BasicAuthenticationFilter.java:247)
	at org.springframework.web.filter.OncePerRequestFilter.doFilter(OncePerRequestFilter.java:116)
	at org.springframework.security.web.FilterChainProxy$VirtualFilterChain.doFilter(FilterChainProxy.java:380)
	at org.springframework.security.web.authentication.logout.LogoutFilter.doFilter(LogoutFilter.java:110)
	at org.springframework.security.web.authentication.logout.LogoutFilter.doFilter(LogoutFilter.java:96)
	at org.springframework.security.web.FilterChainProxy$VirtualFilterChain.doFilter(FilterChainProxy.java:380)
	at org.springframework.security.web.header.HeaderWriterFilter.doHeadersAfter(HeaderWriterFilter.java:90)
	at org.springframework.security.web.header.HeaderWriterFilter.doFilterInternal(HeaderWriterFilter.java:75)
	at org.springframework.web.filter.OncePerRequestFilter.doFilter(OncePerRequestFilter.java:116)
	at org.springframework.security.web.FilterChainProxy$VirtualFilterChain.doFilter(FilterChainProxy.java:380)
	at org.springframework.security.web.context.SecurityContextHolderFilter.doFilter(SecurityContextHolderFilter.java:82)
	at org.springframework.security.web.context.SecurityContextHolderFilter.doFilter(SecurityContextHolderFilter.java:69)
	at org.springframework.security.web.FilterChainProxy$VirtualFilterChain.doFilter(FilterChainProxy.java:380)
	at org.springframework.security.web.context.request.async.WebAsyncManagerIntegrationFilter.doFilterInternal(WebAsyncManagerIntegrationFilter.java:62)
	at org.springframework.web.filter.OncePerRequestFilter.doFilter(OncePerRequestFilter.java:116)
	at org.springframework.security.web.FilterChainProxy$VirtualFilterChain.doFilter(FilterChainProxy.java:380)
	at org.springframework.security.web.session.DisableEncodeUrlFilter.doFilterInternal(DisableEncodeUrlFilter.java:42)
	at org.springframework.web.filter.OncePerRequestFilter.doFilter(OncePerRequestFilter.java:116)
	at org.springframework.security.web.FilterChainProxy$VirtualFilterChain.doFilter(FilterChainProxy.java:380)
	at org.springframework.security.web.FilterChainProxy.doFilterInternal(FilterChainProxy.java:237)
	at org.springframework.security.web.FilterChainProxy.doFilter(FilterChainProxy.java:195)
	at org.springframework.web.filter.CompositeFilter$VirtualFilterChain.doFilter(CompositeFilter.java:113)
	at org.springframework.web.filter.ServletRequestPathFilter.doFilter(ServletRequestPathFilter.java:52)
	at org.springframework.web.filter.CompositeFilter$VirtualFilterChain.doFilter(CompositeFilter.java:113)
	at org.springframework.web.filter.CompositeFilter.doFilter(CompositeFilter.java:74)
	at org.springframework.security.config.annotation.web.configuration.WebSecurityConfiguration$CompositeFilterChainProxy.doFilter(WebSecurityConfiguration.java:317)
	at org.springframework.web.filter.DelegatingFilterProxy.invokeDelegate(DelegatingFilterProxy.java:355)
	at org.springframework.web.filter.DelegatingFilterProxy.doFilter(DelegatingFilterProxy.java:272)
	at org.apache.catalina.core.ApplicationFilterChain.doFilter(ApplicationFilterChain.java:107)
	at org.springframework.web.filter.RequestContextFilter.doFilterInternal(RequestContextFilter.java:100)
	at org.springframework.web.filter.OncePerRequestFilter.doFilter(OncePerRequestFilter.java:116)
	at org.apache.catalina.core.ApplicationFilterChain.doFilter(ApplicationFilterChain.java:107)
	at org.springframework.web.filter.FormContentFilter.doFilterInternal(FormContentFilter.java:93)
	at org.springframework.web.filter.OncePerRequestFilter.doFilter(OncePerRequestFilter.java:116)
	at org.apache.catalina.core.ApplicationFilterChain.doFilter(ApplicationFilterChain.java:107)
	at org.springframework.web.filter.CharacterEncodingFilter.doFilterInternal(CharacterEncodingFilter.java:199)
	at org.springframework.web.filter.OncePerRequestFilter.doFilter(OncePerRequestFilter.java:116)
	at org.apache.catalina.core.ApplicationFilterChain.doFilter(ApplicationFilterChain.java:107)
	at org.apache.catalina.core.StandardWrapperValve.invoke(StandardWrapperValve.java:165)
	at org.apache.catalina.core.StandardContextValve.invoke(StandardContextValve.java:77)
	at org.apache.catalina.authenticator.AuthenticatorBase.invoke(AuthenticatorBase.java:482)
	at org.apache.catalina.core.StandardHostValve.invoke(StandardHostValve.java:113)
	at org.apache.catalina.valves.ErrorReportValve.invoke(ErrorReportValve.java:83)
	at org.apache.catalina.core.StandardEngineValve.invoke(StandardEngineValve.java:72)
	at org.apache.catalina.connector.CoyoteAdapter.service(CoyoteAdapter.java:341)
	at org.apache.coyote.http11.Http11Processor.service(Http11Processor.java:397)
	at org.apache.coyote.AbstractProcessorLight.process(AbstractProcessorLight.java:63)
	at org.apache.coyote.AbstractProtocol$ConnectionHandler.process(AbstractProtocol.java:903)
	at org.apache.tomcat.util.net.NioEndpoint$SocketProcessor.doRun(NioEndpoint.java:1778)
	at org.apache.tomcat.util.net.SocketProcessorBase.run(SocketProcessorBase.java:52)
	at org.apache.tomcat.util.threads.ThreadPoolExecutor.runWorker(ThreadPoolExecutor.java:946)
	at org.apache.tomcat.util.threads.ThreadPoolExecutor$Worker.run(ThreadPoolExecutor.java:480)
	at org.apache.tomcat.util.threads.TaskThread$WrappingRunnable.run(TaskThread.java:57)
	at java.base/java.lang.Thread.run(Thread.java:840)
Caused by: java.lang.Error: Unresolved compilation problems: 
	The method setPassword(String) in the type User is not applicable for the arguments ()
	The method setEnabled(Boolean) in the type User is not applicable for the arguments ()

	at m9.project.service.UserService.createUser(UserService.java:24)
	at m9.project.controller.UserController.createUser(UserController.java:38)
	at java.base/jdk.internal.reflect.NativeMethodAccessorImpl.invoke0(Native Method)
	at java.base/jdk.internal.reflect.NativeMethodAccessorImpl.invoke(NativeMethodAccessorImpl.java:77)
	at java.base/jdk.internal.reflect.DelegatingMethodAccessorImpl.invoke(DelegatingMethodAccessorImpl.java:43)
	at java.base/java.lang.reflect.Method.invoke(Method.java:569)
	at org.springframework.aop.support.AopUtils.invokeJoinpointUsingReflection(AopUtils.java:359)
	at org.springframework.aop.framework.ReflectiveMethodInvocation.invokeJoinpoint(ReflectiveMethodInvocation.java:190)
	at org.springframework.aop.framework.ReflectiveMethodInvocation.proceed(ReflectiveMethodInvocation.java:158)
	at org.springframework.security.authorization.method.AuthorizationManagerBeforeMethodInterceptor.proceed(AuthorizationManagerBeforeMethodInterceptor.java:271)
	at org.springframework.security.authorization.method.AuthorizationManagerBeforeMethodInterceptor.attemptAuthorization(AuthorizationManagerBeforeMethodInterceptor.java:266)
	at org.springframework.security.authorization.method.AuthorizationManagerBeforeMethodInterceptor.invoke(AuthorizationManagerBeforeMethodInterceptor.java:197)
	at org.springframework.security.config.annotation.method.configuration.DeferringMethodInterceptor.invoke(DeferringMethodInterceptor.java:44)
	at org.springframework.aop.framework.ReflectiveMethodInvocation.proceed(ReflectiveMethodInvocation.java:179)
	at org.springframework.aop.framework.CglibAopProxy$DynamicAdvisedInterceptor.intercept(CglibAopProxy.java:719)
	at m9.project.controller.UserController$$SpringCGLIB$$0.createUser(<generated>)
	at java.base/jdk.internal.reflect.NativeMethodAccessorImpl.invoke0(Native Method)
	at java.base/jdk.internal.reflect.NativeMethodAccessorImpl.invoke(NativeMethodAccessorImpl.java:77)
	at java.base/jdk.internal.reflect.DelegatingMethodAccessorImpl.invoke(DelegatingMethodAccessorImpl.java:43)
	at java.base/java.lang.reflect.Method.invoke(Method.java:569)
	at org.springframework.web.method.support.InvocableHandlerMethod.doInvoke(InvocableHandlerMethod.java:258)
	at org.springframework.web.method.support.InvocableHandlerMethod.invokeForRequest(InvocableHandlerMethod.java:190)
	at org.springframework.web.servlet.mvc.method.annotation.ServletInvocableHandlerMethod.invokeAndHandle(ServletInvocableHandlerMethod.java:117)
	at org.springframework.web.servlet.mvc.method.annotation.RequestMappingHandlerAdapter.invokeHandlerMethod(RequestMappingHandlerAdapter.java:934)
	at org.springframework.web.servlet.mvc.method.annotation.RequestMappingHandlerAdapter.handleInternal(RequestMappingHandlerAdapter.java:853)
	at org.springframework.web.servlet.mvc.method.AbstractHandlerMethodAdapter.handle(AbstractHandlerMethodAdapter.java:86)
	at org.springframework.web.servlet.DispatcherServlet.doDispatch(DispatcherServlet.java:963)
	... 77 common frames omitted
2026-04-08 11:14:09.723 [DEBUG] org.hibernate.SQL - set client_min_messages = WARNING
2026-04-08 11:14:09.724 [DEBUG] org.hibernate.SQL - alter table if exists loans drop constraint if exists FKokwvlrv6o4i4h3le3bwhe6kie
2026-04-08 11:14:09.729 [DEBUG] org.hibernate.SQL - alter table if exists loans drop constraint if exists FK6xxlcjc0rqtn5nq28vjnx5t9d
2026-04-08 11:14:09.732 [DEBUG] org.hibernate.SQL - alter table if exists roles drop constraint if exists FK97mxvrajhkq19dmvboprimeg1
2026-04-08 11:14:09.736 [DEBUG] org.hibernate.SQL - drop table if exists books cascade
2026-04-08 11:14:09.743 [DEBUG] org.hibernate.SQL - drop table if exists loans cascade
2026-04-08 11:14:09.747 [DEBUG] org.hibernate.SQL - drop table if exists roles cascade
2026-04-08 11:14:09.753 [DEBUG] org.hibernate.SQL - drop table if exists users cascade
2026-04-08 11:14:32.073 [INFO] m9.project.Library - Starting Library using Java 17.0.14 with PID 26024 (C:\Users\jiasanchez\Documents\Java\Git\PortableGit\M9_Project1\target\classes started by jiasanchez in C:\Users\jiasanchez\Documents\Java\Git\PortableGit\M9_Project1)
2026-04-08 11:14:32.075 [DEBUG] m9.project.Library - Running with Spring Boot v4.0.2, Spring v7.0.3
2026-04-08 11:14:32.075 [INFO] m9.project.Library - No active profile set, falling back to 1 default profile: "default"
2026-04-08 11:14:34.588 [DEBUG] org.hibernate.SQL - set client_min_messages = WARNING
2026-04-08 11:14:34.589 [DEBUG] org.hibernate.SQL - alter table if exists loans drop constraint if exists FKokwvlrv6o4i4h3le3bwhe6kie
2026-04-08 11:14:34.589 [DEBUG] org.hibernate.SQL - alter table if exists loans drop constraint if exists FK6xxlcjc0rqtn5nq28vjnx5t9d
2026-04-08 11:14:34.590 [DEBUG] org.hibernate.SQL - alter table if exists roles drop constraint if exists FK97mxvrajhkq19dmvboprimeg1
2026-04-08 11:14:34.590 [DEBUG] org.hibernate.SQL - drop table if exists books cascade
2026-04-08 11:14:34.591 [DEBUG] org.hibernate.SQL - drop table if exists loans cascade
2026-04-08 11:14:34.591 [DEBUG] org.hibernate.SQL - drop table if exists roles cascade
2026-04-08 11:14:34.592 [DEBUG] org.hibernate.SQL - drop table if exists users cascade
2026-04-08 11:14:34.599 [DEBUG] org.hibernate.SQL - create table books (is_available boolean, book_id bigint not null, author VARCHAR(300), title VARCHAR(300), primary key (book_id))
2026-04-08 11:14:34.611 [DEBUG] org.hibernate.SQL - create table loans (is_active boolean, book_id bigint, loan_id bigint generated by default as identity, user_id bigint, primary key (loan_id))
2026-04-08 11:14:34.618 [DEBUG] org.hibernate.SQL - create table roles (id bigint generated by default as identity, user_id bigint, role varchar(255), primary key (id))
2026-04-08 11:14:34.623 [DEBUG] org.hibernate.SQL - create table users (enabled boolean, user_id bigint generated by default as identity, name varchar(200) not null, password varchar(255) not null, primary key (user_id))
2026-04-08 11:14:34.630 [DEBUG] org.hibernate.SQL - alter table if exists loans add constraint FKokwvlrv6o4i4h3le3bwhe6kie foreign key (book_id) references books
2026-04-08 11:14:34.633 [DEBUG] org.hibernate.SQL - alter table if exists loans add constraint FK6xxlcjc0rqtn5nq28vjnx5t9d foreign key (user_id) references users
2026-04-08 11:14:34.636 [DEBUG] org.hibernate.SQL - alter table if exists roles add constraint FK97mxvrajhkq19dmvboprimeg1 foreign key (user_id) references users
2026-04-08 11:14:35.790 [INFO] m9.project.Library - Started Library in 3.989 seconds (process running for 4.695)
2026-04-08 11:14:35.889 [DEBUG] org.hibernate.SQL - insert into users (enabled,name,password) values (?,?,?)
2026-04-08 11:14:36.003 [DEBUG] org.hibernate.SQL - insert into users (enabled,name,password) values (?,?,?)
2026-04-08 11:14:36.007 [DEBUG] org.hibernate.SQL - insert into roles (role,user_id) values (?,?)
2026-04-08 11:14:36.012 [DEBUG] org.hibernate.SQL - insert into roles (role,user_id) values (?,?)
2026-04-08 11:14:58.578 [DEBUG] org.hibernate.SQL - select u1_0.user_id,u1_0.enabled,u1_0.name,u1_0.password from users u1_0 where u1_0.name=?
2026-04-08 11:14:58.603 [DEBUG] org.hibernate.SQL - select r1_0.role from roles r1_0 where r1_0.user_id=?
2026-04-08 11:14:58.865 [DEBUG] org.hibernate.SQL - insert into users (enabled,name,password) values (?,?,?)
2026-04-08 11:15:17.470 [DEBUG] org.hibernate.SQL - set client_min_messages = WARNING
2026-04-08 11:15:17.471 [DEBUG] org.hibernate.SQL - alter table if exists loans drop constraint if exists FKokwvlrv6o4i4h3le3bwhe6kie
2026-04-08 11:15:17.477 [DEBUG] org.hibernate.SQL - alter table if exists loans drop constraint if exists FK6xxlcjc0rqtn5nq28vjnx5t9d
2026-04-08 11:15:17.480 [DEBUG] org.hibernate.SQL - alter table if exists roles drop constraint if exists FK97mxvrajhkq19dmvboprimeg1
2026-04-08 11:15:17.482 [DEBUG] org.hibernate.SQL - drop table if exists books cascade
2026-04-08 11:15:17.490 [DEBUG] org.hibernate.SQL - drop table if exists loans cascade
2026-04-08 11:15:17.496 [DEBUG] org.hibernate.SQL - drop table if exists roles cascade
2026-04-08 11:15:17.504 [DEBUG] org.hibernate.SQL - drop table if exists users cascade
2026-04-08 11:16:39.105 [INFO] m9.project.Library - Starting Library using Java 17.0.14 with PID 36424 (C:\Users\jiasanchez\Documents\Java\Git\PortableGit\M9_Project1\target\classes started by jiasanchez in C:\Users\jiasanchez\Documents\Java\Git\PortableGit\M9_Project1)
2026-04-08 11:16:39.107 [DEBUG] m9.project.Library - Running with Spring Boot v4.0.2, Spring v7.0.3
2026-04-08 11:16:39.108 [INFO] m9.project.Library - No active profile set, falling back to 1 default profile: "default"
2026-04-08 11:16:42.491 [DEBUG] org.hibernate.SQL - set client_min_messages = WARNING
2026-04-08 11:16:42.493 [DEBUG] org.hibernate.SQL - alter table if exists loans drop constraint if exists FKokwvlrv6o4i4h3le3bwhe6kie
2026-04-08 11:16:42.494 [DEBUG] org.hibernate.SQL - alter table if exists loans drop constraint if exists FK6xxlcjc0rqtn5nq28vjnx5t9d
2026-04-08 11:16:42.495 [DEBUG] org.hibernate.SQL - alter table if exists roles drop constraint if exists FK97mxvrajhkq19dmvboprimeg1
2026-04-08 11:16:42.496 [DEBUG] org.hibernate.SQL - drop table if exists books cascade
2026-04-08 11:16:42.497 [DEBUG] org.hibernate.SQL - drop table if exists loans cascade
2026-04-08 11:16:42.498 [DEBUG] org.hibernate.SQL - drop table if exists roles cascade
2026-04-08 11:16:42.498 [DEBUG] org.hibernate.SQL - drop table if exists users cascade
2026-04-08 11:16:42.505 [DEBUG] org.hibernate.SQL - create table books (is_available boolean, book_id bigint not null, author VARCHAR(300), title VARCHAR(300), primary key (book_id))
2026-04-08 11:16:42.515 [DEBUG] org.hibernate.SQL - create table loans (is_active boolean, book_id bigint, loan_id bigint generated by default as identity, user_id bigint, primary key (loan_id))
2026-04-08 11:16:42.522 [DEBUG] org.hibernate.SQL - create table roles (id bigint generated by default as identity, user_id bigint, role varchar(255), primary key (id))
2026-04-08 11:16:42.528 [DEBUG] org.hibernate.SQL - create table users (enabled boolean, user_id bigint generated by default as identity, name varchar(200) not null, password varchar(255) not null, primary key (user_id))
2026-04-08 11:16:42.534 [DEBUG] org.hibernate.SQL - alter table if exists loans add constraint FKokwvlrv6o4i4h3le3bwhe6kie foreign key (book_id) references books
2026-04-08 11:16:42.538 [DEBUG] org.hibernate.SQL - alter table if exists loans add constraint FK6xxlcjc0rqtn5nq28vjnx5t9d foreign key (user_id) references users
2026-04-08 11:16:42.539 [DEBUG] org.hibernate.SQL - alter table if exists roles add constraint FK97mxvrajhkq19dmvboprimeg1 foreign key (user_id) references users
2026-04-08 11:16:44.365 [INFO] m9.project.Library - Started Library in 5.545 seconds (process running for 6.313)
2026-04-08 11:16:44.499 [DEBUG] org.hibernate.SQL - insert into users (enabled,name,password) values (?,?,?)
2026-04-08 11:16:44.659 [DEBUG] org.hibernate.SQL - insert into users (enabled,name,password) values (?,?,?)
2026-04-08 11:16:44.663 [DEBUG] org.hibernate.SQL - insert into roles (role,user_id) values (?,?)
2026-04-08 11:16:44.668 [DEBUG] org.hibernate.SQL - insert into roles (role,user_id) values (?,?)
2026-04-08 11:17:01.879 [DEBUG] org.hibernate.SQL - select u1_0.user_id,u1_0.enabled,u1_0.name,u1_0.password from users u1_0 where u1_0.name=?
2026-04-08 11:17:01.906 [DEBUG] org.hibernate.SQL - select r1_0.role from roles r1_0 where r1_0.user_id=?
2026-04-08 11:17:02.203 [DEBUG] org.hibernate.SQL - insert into users (enabled,name,password) values (?,?,?)
2026-04-08 11:17:09.563 [DEBUG] org.hibernate.SQL - set client_min_messages = WARNING
2026-04-08 11:17:09.564 [DEBUG] org.hibernate.SQL - alter table if exists loans drop constraint if exists FKokwvlrv6o4i4h3le3bwhe6kie
2026-04-08 11:17:09.570 [DEBUG] org.hibernate.SQL - alter table if exists loans drop constraint if exists FK6xxlcjc0rqtn5nq28vjnx5t9d
2026-04-08 11:17:09.573 [DEBUG] org.hibernate.SQL - alter table if exists roles drop constraint if exists FK97mxvrajhkq19dmvboprimeg1
2026-04-08 11:17:09.576 [DEBUG] org.hibernate.SQL - drop table if exists books cascade
2026-04-08 11:17:09.582 [DEBUG] org.hibernate.SQL - drop table if exists loans cascade
2026-04-08 11:17:09.586 [DEBUG] org.hibernate.SQL - drop table if exists roles cascade
2026-04-08 11:17:09.593 [DEBUG] org.hibernate.SQL - drop table if exists users cascade
2026-04-08 11:18:04.791 [INFO] m9.project.Library - Starting Library using Java 17.0.14 with PID 27768 (C:\Users\jiasanchez\Documents\Java\Git\PortableGit\M9_Project1\target\classes started by jiasanchez in C:\Users\jiasanchez\Documents\Java\Git\PortableGit\M9_Project1)
2026-04-08 11:18:04.794 [DEBUG] m9.project.Library - Running with Spring Boot v4.0.2, Spring v7.0.3
2026-04-08 11:18:04.794 [INFO] m9.project.Library - No active profile set, falling back to 1 default profile: "default"
2026-04-08 11:18:07.294 [DEBUG] org.hibernate.SQL - set client_min_messages = WARNING
2026-04-08 11:18:07.295 [DEBUG] org.hibernate.SQL - alter table if exists loans drop constraint if exists FKokwvlrv6o4i4h3le3bwhe6kie
2026-04-08 11:18:07.296 [DEBUG] org.hibernate.SQL - alter table if exists loans drop constraint if exists FK6xxlcjc0rqtn5nq28vjnx5t9d
2026-04-08 11:18:07.297 [DEBUG] org.hibernate.SQL - alter table if exists roles drop constraint if exists FK97mxvrajhkq19dmvboprimeg1
2026-04-08 11:18:07.298 [DEBUG] org.hibernate.SQL - drop table if exists books cascade
2026-04-08 11:18:07.299 [DEBUG] org.hibernate.SQL - drop table if exists loans cascade
2026-04-08 11:18:07.299 [DEBUG] org.hibernate.SQL - drop table if exists roles cascade
2026-04-08 11:18:07.300 [DEBUG] org.hibernate.SQL - drop table if exists users cascade
2026-04-08 11:18:07.305 [DEBUG] org.hibernate.SQL - create table books (is_available boolean, book_id bigint not null, author VARCHAR(300), title VARCHAR(300), primary key (book_id))
2026-04-08 11:18:07.313 [DEBUG] org.hibernate.SQL - create table loans (is_active boolean, book_id bigint, loan_id bigint generated by default as identity, user_id bigint, primary key (loan_id))
2026-04-08 11:18:07.319 [DEBUG] org.hibernate.SQL - create table roles (id bigint generated by default as identity, user_id bigint, role varchar(255), primary key (id))
2026-04-08 11:18:07.326 [DEBUG] org.hibernate.SQL - create table users (enabled boolean, user_id bigint generated by default as identity, name varchar(200) not null, password varchar(255) not null, primary key (user_id))
2026-04-08 11:18:07.332 [DEBUG] org.hibernate.SQL - alter table if exists loans add constraint FKokwvlrv6o4i4h3le3bwhe6kie foreign key (book_id) references books
2026-04-08 11:18:07.336 [DEBUG] org.hibernate.SQL - alter table if exists loans add constraint FK6xxlcjc0rqtn5nq28vjnx5t9d foreign key (user_id) references users
2026-04-08 11:18:07.340 [DEBUG] org.hibernate.SQL - alter table if exists roles add constraint FK97mxvrajhkq19dmvboprimeg1 foreign key (user_id) references users
2026-04-08 11:18:08.416 [INFO] m9.project.Library - Started Library in 3.886 seconds (process running for 4.591)
2026-04-08 11:18:08.507 [DEBUG] org.hibernate.SQL - insert into users (enabled,name,password) values (?,?,?)
2026-04-08 11:18:08.610 [DEBUG] org.hibernate.SQL - insert into users (enabled,name,password) values (?,?,?)
2026-04-08 11:18:08.613 [DEBUG] org.hibernate.SQL - insert into roles (role,user_id) values (?,?)
2026-04-08 11:18:08.616 [DEBUG] org.hibernate.SQL - insert into roles (role,user_id) values (?,?)
2026-04-08 11:18:19.176 [DEBUG] org.hibernate.SQL - select u1_0.user_id,u1_0.enabled,u1_0.name,u1_0.password from users u1_0 where u1_0.name=?
2026-04-08 11:18:19.204 [DEBUG] org.hibernate.SQL - select r1_0.role from roles r1_0 where r1_0.user_id=?
2026-04-08 11:18:19.575 [DEBUG] org.hibernate.SQL - insert into roles (role,user_id) values (?,?)
2026-04-08 11:18:19.578 [DEBUG] org.hibernate.SQL - insert into users (enabled,name,password) values (?,?,?)
2026-04-08 11:19:09.627 [DEBUG] org.hibernate.SQL - set client_min_messages = WARNING
2026-04-08 11:19:09.629 [DEBUG] org.hibernate.SQL - alter table if exists loans drop constraint if exists FKokwvlrv6o4i4h3le3bwhe6kie
2026-04-08 11:19:09.635 [DEBUG] org.hibernate.SQL - alter table if exists loans drop constraint if exists FK6xxlcjc0rqtn5nq28vjnx5t9d
2026-04-08 11:19:09.638 [DEBUG] org.hibernate.SQL - alter table if exists roles drop constraint if exists FK97mxvrajhkq19dmvboprimeg1
2026-04-08 11:19:09.641 [DEBUG] org.hibernate.SQL - drop table if exists books cascade
2026-04-08 11:19:09.648 [DEBUG] org.hibernate.SQL - drop table if exists loans cascade
2026-04-08 11:19:09.653 [DEBUG] org.hibernate.SQL - drop table if exists roles cascade
2026-04-08 11:19:09.660 [DEBUG] org.hibernate.SQL - drop table if exists users cascade
2026-04-08 11:30:47.487 [INFO] m9.project.Library - Starting Library using Java 17.0.14 with PID 23528 (C:\Users\jiasanchez\Documents\Java\Git\PortableGit\M9_Project1\target\classes started by jiasanchez in C:\Users\jiasanchez\Documents\Java\Git\PortableGit\M9_Project1)
2026-04-08 11:30:47.491 [DEBUG] m9.project.Library - Running with Spring Boot v4.0.2, Spring v7.0.3
2026-04-08 11:30:47.491 [INFO] m9.project.Library - No active profile set, falling back to 1 default profile: "default"
2026-04-08 11:30:51.055 [DEBUG] org.hibernate.SQL - set client_min_messages = WARNING
2026-04-08 11:30:51.056 [DEBUG] org.hibernate.SQL - alter table if exists loans drop constraint if exists FKokwvlrv6o4i4h3le3bwhe6kie
2026-04-08 11:30:51.057 [DEBUG] org.hibernate.SQL - alter table if exists loans drop constraint if exists FK6xxlcjc0rqtn5nq28vjnx5t9d
2026-04-08 11:30:51.058 [DEBUG] org.hibernate.SQL - alter table if exists roles drop constraint if exists FK97mxvrajhkq19dmvboprimeg1
2026-04-08 11:30:51.059 [DEBUG] org.hibernate.SQL - drop table if exists books cascade
2026-04-08 11:30:51.059 [DEBUG] org.hibernate.SQL - drop table if exists loans cascade
2026-04-08 11:30:51.060 [DEBUG] org.hibernate.SQL - drop table if exists roles cascade
2026-04-08 11:30:51.061 [DEBUG] org.hibernate.SQL - drop table if exists users cascade
2026-04-08 11:30:51.067 [DEBUG] org.hibernate.SQL - create table books (is_available boolean, book_id bigint not null, author VARCHAR(300), title VARCHAR(300), primary key (book_id))
2026-04-08 11:30:51.077 [DEBUG] org.hibernate.SQL - create table loans (is_active boolean, book_id bigint, loan_id bigint generated by default as identity, user_id bigint, primary key (loan_id))
2026-04-08 11:30:51.085 [DEBUG] org.hibernate.SQL - create table roles (id bigint generated by default as identity, user_id bigint, role varchar(255), primary key (id))
2026-04-08 11:30:51.094 [DEBUG] org.hibernate.SQL - create table users (enabled boolean, user_id bigint generated by default as identity, name varchar(200) not null, password varchar(255) not null, primary key (user_id))
2026-04-08 11:30:51.102 [DEBUG] org.hibernate.SQL - alter table if exists loans add constraint FKokwvlrv6o4i4h3le3bwhe6kie foreign key (book_id) references books
2026-04-08 11:30:51.106 [DEBUG] org.hibernate.SQL - alter table if exists loans add constraint FK6xxlcjc0rqtn5nq28vjnx5t9d foreign key (user_id) references users
2026-04-08 11:30:51.110 [DEBUG] org.hibernate.SQL - alter table if exists roles add constraint FK97mxvrajhkq19dmvboprimeg1 foreign key (user_id) references users
2026-04-08 11:30:52.462 [INFO] m9.project.Library - Started Library in 5.333 seconds (process running for 6.101)
2026-04-08 11:30:52.562 [DEBUG] org.hibernate.SQL - insert into users (enabled,name,password) values (?,?,?)
2026-04-08 11:30:52.680 [DEBUG] org.hibernate.SQL - insert into users (enabled,name,password) values (?,?,?)
2026-04-08 11:30:52.685 [DEBUG] org.hibernate.SQL - insert into roles (role,user_id) values (?,?)
2026-04-08 11:30:52.690 [DEBUG] org.hibernate.SQL - insert into roles (role,user_id) values (?,?)
2026-04-08 11:31:00.396 [DEBUG] org.hibernate.SQL - select u1_0.user_id,u1_0.enabled,u1_0.name,u1_0.password from users u1_0 where u1_0.name=?
2026-04-08 11:31:00.417 [DEBUG] org.hibernate.SQL - select r1_0.role from roles r1_0 where r1_0.user_id=?
2026-04-08 11:31:00.804 [DEBUG] org.hibernate.SQL - insert into roles (role,user_id) values (?,?)
2026-04-08 11:31:00.809 [DEBUG] org.hibernate.SQL - insert into users (enabled,name,password) values (?,?,?)
2026-04-08 11:31:48.746 [DEBUG] org.hibernate.SQL - set client_min_messages = WARNING
2026-04-08 11:31:48.747 [DEBUG] org.hibernate.SQL - alter table if exists loans drop constraint if exists FKokwvlrv6o4i4h3le3bwhe6kie
2026-04-08 11:31:48.752 [DEBUG] org.hibernate.SQL - alter table if exists loans drop constraint if exists FK6xxlcjc0rqtn5nq28vjnx5t9d
2026-04-08 11:31:48.755 [DEBUG] org.hibernate.SQL - alter table if exists roles drop constraint if exists FK97mxvrajhkq19dmvboprimeg1
2026-04-08 11:31:48.758 [DEBUG] org.hibernate.SQL - drop table if exists books cascade
2026-04-08 11:31:48.764 [DEBUG] org.hibernate.SQL - drop table if exists loans cascade
2026-04-08 11:31:48.769 [DEBUG] org.hibernate.SQL - drop table if exists roles cascade
2026-04-08 11:31:48.776 [DEBUG] org.hibernate.SQL - drop table if exists users cascade
2026-04-08 11:36:20.129 [INFO] m9.project.Library - Starting Library using Java 17.0.14 with PID 11576 (C:\Users\jiasanchez\Documents\Java\Git\PortableGit\M9_Project1\target\classes started by jiasanchez in C:\Users\jiasanchez\Documents\Java\Git\PortableGit\M9_Project1)
2026-04-08 11:36:20.131 [DEBUG] m9.project.Library - Running with Spring Boot v4.0.2, Spring v7.0.3
2026-04-08 11:36:20.131 [INFO] m9.project.Library - No active profile set, falling back to 1 default profile: "default"
2026-04-08 11:36:22.599 [DEBUG] org.hibernate.SQL - set client_min_messages = WARNING
2026-04-08 11:36:22.601 [DEBUG] org.hibernate.SQL - alter table if exists loans drop constraint if exists FKokwvlrv6o4i4h3le3bwhe6kie
2026-04-08 11:36:22.602 [DEBUG] org.hibernate.SQL - alter table if exists loans drop constraint if exists FK6xxlcjc0rqtn5nq28vjnx5t9d
2026-04-08 11:36:22.603 [DEBUG] org.hibernate.SQL - alter table if exists roles drop constraint if exists FK97mxvrajhkq19dmvboprimeg1
2026-04-08 11:36:22.603 [DEBUG] org.hibernate.SQL - drop table if exists books cascade
2026-04-08 11:36:22.604 [DEBUG] org.hibernate.SQL - drop table if exists loans cascade
2026-04-08 11:36:22.604 [DEBUG] org.hibernate.SQL - drop table if exists roles cascade
2026-04-08 11:36:22.605 [DEBUG] org.hibernate.SQL - drop table if exists users cascade
2026-04-08 11:36:22.611 [DEBUG] org.hibernate.SQL - create table books (is_available boolean, book_id bigint not null, author VARCHAR(300), title VARCHAR(300), primary key (book_id))
2026-04-08 11:36:22.619 [DEBUG] org.hibernate.SQL - create table loans (is_active boolean, book_id bigint, loan_id bigint generated by default as identity, user_id bigint, primary key (loan_id))
2026-04-08 11:36:22.625 [DEBUG] org.hibernate.SQL - create table roles (id bigint generated by default as identity, user_id bigint, role varchar(255), primary key (id))
2026-04-08 11:36:22.631 [DEBUG] org.hibernate.SQL - create table users (enabled boolean, user_id bigint generated by default as identity, name varchar(200) not null, password varchar(255) not null, primary key (user_id))
2026-04-08 11:36:22.637 [DEBUG] org.hibernate.SQL - alter table if exists loans add constraint FKokwvlrv6o4i4h3le3bwhe6kie foreign key (book_id) references books
2026-04-08 11:36:22.642 [DEBUG] org.hibernate.SQL - alter table if exists loans add constraint FK6xxlcjc0rqtn5nq28vjnx5t9d foreign key (user_id) references users
2026-04-08 11:36:22.644 [DEBUG] org.hibernate.SQL - alter table if exists roles add constraint FK97mxvrajhkq19dmvboprimeg1 foreign key (user_id) references users
2026-04-08 11:36:23.718 [INFO] m9.project.Library - Started Library in 3.846 seconds (process running for 4.564)
2026-04-08 11:36:23.813 [DEBUG] org.hibernate.SQL - insert into users (enabled,name,password) values (?,?,?)
2026-04-08 11:36:23.923 [DEBUG] org.hibernate.SQL - insert into users (enabled,name,password) values (?,?,?)
2026-04-08 11:36:23.925 [DEBUG] org.hibernate.SQL - insert into roles (role,user_id) values (?,?)
2026-04-08 11:36:23.929 [DEBUG] org.hibernate.SQL - insert into roles (role,user_id) values (?,?)
2026-04-08 11:36:36.552 [DEBUG] org.hibernate.SQL - select u1_0.user_id,u1_0.enabled,u1_0.name,u1_0.password from users u1_0 where u1_0.name=?
2026-04-08 11:36:36.572 [DEBUG] org.hibernate.SQL - select r1_0.role from roles r1_0 where r1_0.user_id=?
2026-04-08 11:36:36.902 [DEBUG] org.hibernate.SQL - insert into roles (role,user_id) values (?,?)
2026-04-08 11:36:36.904 [DEBUG] org.hibernate.SQL - insert into users (enabled,name,password) values (?,?,?)
2026-04-08 11:37:03.584 [DEBUG] org.hibernate.SQL - set client_min_messages = WARNING
2026-04-08 11:37:03.586 [DEBUG] org.hibernate.SQL - alter table if exists loans drop constraint if exists FKokwvlrv6o4i4h3le3bwhe6kie
2026-04-08 11:37:03.589 [DEBUG] org.hibernate.SQL - alter table if exists loans drop constraint if exists FK6xxlcjc0rqtn5nq28vjnx5t9d
2026-04-08 11:37:03.592 [DEBUG] org.hibernate.SQL - alter table if exists roles drop constraint if exists FK97mxvrajhkq19dmvboprimeg1
2026-04-08 11:37:03.595 [DEBUG] org.hibernate.SQL - drop table if exists books cascade
2026-04-08 11:37:03.600 [DEBUG] org.hibernate.SQL - drop table if exists loans cascade
2026-04-08 11:37:03.604 [DEBUG] org.hibernate.SQL - drop table if exists roles cascade
2026-04-08 11:37:03.610 [DEBUG] org.hibernate.SQL - drop table if exists users cascade
2026-04-08 11:50:18.831 [INFO] m9.project.Library - Starting Library using Java 17.0.14 with PID 16408 (C:\Users\jiasanchez\Documents\Java\Git\PortableGit\M9_Project1\target\classes started by jiasanchez in C:\Users\jiasanchez\Documents\Java\Git\PortableGit\M9_Project1)
2026-04-08 11:50:18.833 [DEBUG] m9.project.Library - Running with Spring Boot v4.0.2, Spring v7.0.3
2026-04-08 11:50:18.834 [INFO] m9.project.Library - No active profile set, falling back to 1 default profile: "default"
2026-04-08 11:50:21.211 [DEBUG] org.hibernate.SQL - set client_min_messages = WARNING
2026-04-08 11:50:21.213 [DEBUG] org.hibernate.SQL - alter table if exists loans drop constraint if exists FKokwvlrv6o4i4h3le3bwhe6kie
2026-04-08 11:50:21.213 [DEBUG] org.hibernate.SQL - alter table if exists loans drop constraint if exists FK6xxlcjc0rqtn5nq28vjnx5t9d
2026-04-08 11:50:21.214 [DEBUG] org.hibernate.SQL - alter table if exists users drop constraint if exists FKp56c1712k691lhsyewcssf40f
2026-04-08 11:50:21.215 [DEBUG] org.hibernate.SQL - drop table if exists books cascade
2026-04-08 11:50:21.216 [DEBUG] org.hibernate.SQL - drop table if exists loans cascade
2026-04-08 11:50:21.216 [DEBUG] org.hibernate.SQL - drop table if exists roles cascade
2026-04-08 11:50:21.217 [DEBUG] org.hibernate.SQL - drop table if exists users cascade
2026-04-08 11:50:21.221 [DEBUG] org.hibernate.SQL - create table books (is_available boolean, book_id bigint not null, author VARCHAR(300), title VARCHAR(300), primary key (book_id))
2026-04-08 11:50:21.230 [DEBUG] org.hibernate.SQL - create table loans (is_active boolean, book_id bigint, loan_id bigint generated by default as identity, user_id bigint, primary key (loan_id))
2026-04-08 11:50:21.236 [DEBUG] org.hibernate.SQL - create table roles (id bigint generated by default as identity, role varchar(255), primary key (id))
2026-04-08 11:50:21.242 [DEBUG] org.hibernate.SQL - create table users (enabled boolean, role_id bigint, user_id bigint generated by default as identity, name varchar(200) not null, password varchar(255) not null, primary key (user_id))
2026-04-08 11:50:21.247 [DEBUG] org.hibernate.SQL - alter table if exists loans add constraint FKokwvlrv6o4i4h3le3bwhe6kie foreign key (book_id) references books
2026-04-08 11:50:21.250 [DEBUG] org.hibernate.SQL - alter table if exists loans add constraint FK6xxlcjc0rqtn5nq28vjnx5t9d foreign key (user_id) references users
2026-04-08 11:50:21.252 [DEBUG] org.hibernate.SQL - alter table if exists users add constraint FKp56c1712k691lhsyewcssf40f foreign key (role_id) references roles
2026-04-08 11:50:21.765 [DEBUG] org.hibernate.SQL - set client_min_messages = WARNING
2026-04-08 11:50:21.765 [DEBUG] org.hibernate.SQL - alter table if exists loans drop constraint if exists FKokwvlrv6o4i4h3le3bwhe6kie
2026-04-08 11:50:21.770 [DEBUG] org.hibernate.SQL - alter table if exists loans drop constraint if exists FK6xxlcjc0rqtn5nq28vjnx5t9d
2026-04-08 11:50:21.770 [DEBUG] org.hibernate.SQL - alter table if exists users drop constraint if exists FKp56c1712k691lhsyewcssf40f
2026-04-08 11:50:21.772 [DEBUG] org.hibernate.SQL - drop table if exists books cascade
2026-04-08 11:50:21.774 [DEBUG] org.hibernate.SQL - drop table if exists loans cascade
2026-04-08 11:50:21.776 [DEBUG] org.hibernate.SQL - drop table if exists roles cascade
2026-04-08 11:50:21.779 [DEBUG] org.hibernate.SQL - drop table if exists users cascade
2026-04-08 12:10:33.656 [INFO] m9.project.Library - Starting Library using Java 17.0.14 with PID 30588 (C:\Users\jiasanchez\Documents\Java\Git\PortableGit\M9_Project1\target\classes started by jiasanchez in C:\Users\jiasanchez\Documents\Java\Git\PortableGit\M9_Project1)
2026-04-08 12:10:33.658 [DEBUG] m9.project.Library - Running with Spring Boot v4.0.2, Spring v7.0.3
2026-04-08 12:10:33.658 [INFO] m9.project.Library - No active profile set, falling back to 1 default profile: "default"
2026-04-08 12:10:36.188 [DEBUG] org.hibernate.SQL - set client_min_messages = WARNING
2026-04-08 12:10:36.190 [DEBUG] org.hibernate.SQL - alter table if exists loans drop constraint if exists FKokwvlrv6o4i4h3le3bwhe6kie
2026-04-08 12:10:36.191 [DEBUG] org.hibernate.SQL - alter table if exists loans drop constraint if exists FK6xxlcjc0rqtn5nq28vjnx5t9d
2026-04-08 12:10:36.192 [DEBUG] org.hibernate.SQL - alter table if exists users drop constraint if exists FKp56c1712k691lhsyewcssf40f
2026-04-08 12:10:36.193 [DEBUG] org.hibernate.SQL - drop table if exists books cascade
2026-04-08 12:10:36.193 [DEBUG] org.hibernate.SQL - drop table if exists loans cascade
2026-04-08 12:10:36.194 [DEBUG] org.hibernate.SQL - drop table if exists roles cascade
2026-04-08 12:10:36.195 [DEBUG] org.hibernate.SQL - drop table if exists users cascade
2026-04-08 12:10:36.200 [DEBUG] org.hibernate.SQL - create table books (is_available boolean, book_id bigint not null, author VARCHAR(300), title VARCHAR(300), primary key (book_id))
2026-04-08 12:10:36.211 [DEBUG] org.hibernate.SQL - create table loans (is_active boolean, book_id bigint, loan_id bigint generated by default as identity, user_id bigint, primary key (loan_id))
2026-04-08 12:10:36.217 [DEBUG] org.hibernate.SQL - create table roles (id bigint generated by default as identity, role varchar(255), primary key (id))
2026-04-08 12:10:36.224 [DEBUG] org.hibernate.SQL - create table users (enabled boolean, role_id bigint, user_id bigint generated by default as identity, name varchar(200) not null, password varchar(255) not null, primary key (user_id))
2026-04-08 12:10:36.230 [DEBUG] org.hibernate.SQL - alter table if exists loans add constraint FKokwvlrv6o4i4h3le3bwhe6kie foreign key (book_id) references books
2026-04-08 12:10:36.235 [DEBUG] org.hibernate.SQL - alter table if exists loans add constraint FK6xxlcjc0rqtn5nq28vjnx5t9d foreign key (user_id) references users
2026-04-08 12:10:36.237 [DEBUG] org.hibernate.SQL - alter table if exists users add constraint FKp56c1712k691lhsyewcssf40f foreign key (role_id) references roles
2026-04-08 12:10:37.084 [INFO] m9.project.Library - Started Library in 3.701 seconds (process running for 4.423)
2026-04-08 12:10:37.185 [DEBUG] org.hibernate.SQL - insert into users (enabled,name,password,role_id) values (?,?,?,?)
2026-04-08 12:10:37.291 [DEBUG] org.hibernate.SQL - insert into users (enabled,name,password,role_id) values (?,?,?,?)
2026-04-08 12:10:37.296 [DEBUG] org.hibernate.SQL - insert into roles (role) values (?)
2026-04-08 12:10:37.299 [DEBUG] org.hibernate.SQL - insert into roles (role) values (?)
2026-04-08 12:45:20.640 [DEBUG] org.hibernate.SQL - select u1_0.user_id,u1_0.enabled,u1_0.name,u1_0.password,u1_0.role_id from users u1_0 where u1_0.name=?
2026-04-08 12:54:52.655 [INFO] m9.project.Library - Starting Library using Java 17.0.14 with PID 28608 (C:\Users\jiasanchez\Documents\Java\Git\PortableGit\M9_Project1\target\classes started by jiasanchez in C:\Users\jiasanchez\Documents\Java\Git\PortableGit\M9_Project1)
2026-04-08 12:54:52.658 [DEBUG] m9.project.Library - Running with Spring Boot v4.0.2, Spring v7.0.3
2026-04-08 12:54:52.658 [INFO] m9.project.Library - No active profile set, falling back to 1 default profile: "default"
2026-04-08 12:54:53.633 [DEBUG] org.hibernate.SQL - set client_min_messages = WARNING
2026-04-08 12:54:53.634 [DEBUG] org.hibernate.SQL - alter table if exists loans drop constraint if exists FKokwvlrv6o4i4h3le3bwhe6kie
2026-04-08 12:54:53.638 [DEBUG] org.hibernate.SQL - alter table if exists loans drop constraint if exists FK6xxlcjc0rqtn5nq28vjnx5t9d
2026-04-08 12:54:53.640 [DEBUG] org.hibernate.SQL - alter table if exists users drop constraint if exists FKp56c1712k691lhsyewcssf40f
2026-04-08 12:54:53.641 [DEBUG] org.hibernate.SQL - drop table if exists books cascade
2026-04-08 12:54:53.645 [DEBUG] org.hibernate.SQL - drop table if exists loans cascade
2026-04-08 12:54:53.649 [DEBUG] org.hibernate.SQL - drop table if exists roles cascade
2026-04-08 12:54:53.653 [DEBUG] org.hibernate.SQL - drop table if exists users cascade
2026-04-08 12:55:01.534 [INFO] m9.project.Library - Starting Library using Java 17.0.14 with PID 34116 (C:\Users\jiasanchez\Documents\Java\Git\PortableGit\M9_Project1\target\classes started by jiasanchez in C:\Users\jiasanchez\Documents\Java\Git\PortableGit\M9_Project1)
2026-04-08 12:55:01.535 [DEBUG] m9.project.Library - Running with Spring Boot v4.0.2, Spring v7.0.3
2026-04-08 12:55:01.536 [INFO] m9.project.Library - No active profile set, falling back to 1 default profile: "default"
2026-04-08 12:55:04.202 [DEBUG] org.hibernate.SQL - set client_min_messages = WARNING
2026-04-08 12:55:04.203 [DEBUG] org.hibernate.SQL - alter table if exists loans drop constraint if exists FKokwvlrv6o4i4h3le3bwhe6kie
2026-04-08 12:55:04.204 [DEBUG] org.hibernate.SQL - alter table if exists loans drop constraint if exists FK6xxlcjc0rqtn5nq28vjnx5t9d
2026-04-08 12:55:04.204 [DEBUG] org.hibernate.SQL - alter table if exists users drop constraint if exists FKp56c1712k691lhsyewcssf40f
2026-04-08 12:55:04.205 [DEBUG] org.hibernate.SQL - drop table if exists books cascade
2026-04-08 12:55:04.205 [DEBUG] org.hibernate.SQL - drop table if exists loans cascade
2026-04-08 12:55:04.206 [DEBUG] org.hibernate.SQL - drop table if exists roles cascade
2026-04-08 12:55:04.206 [DEBUG] org.hibernate.SQL - drop table if exists users cascade
2026-04-08 12:55:04.211 [DEBUG] org.hibernate.SQL - create table books (is_available boolean, book_id bigint not null, author VARCHAR(300), title VARCHAR(300), primary key (book_id))
2026-04-08 12:55:04.220 [DEBUG] org.hibernate.SQL - create table loans (is_active boolean, book_id bigint, loan_id bigint generated by default as identity, user_id bigint, primary key (loan_id))
2026-04-08 12:55:04.226 [DEBUG] org.hibernate.SQL - create table roles (id bigint generated by default as identity, role varchar(255), primary key (id))
2026-04-08 12:55:04.234 [DEBUG] org.hibernate.SQL - create table users (enabled boolean, role_id bigint, user_id bigint generated by default as identity, name varchar(200) not null, password varchar(255) not null, primary key (user_id))
2026-04-08 12:55:04.241 [DEBUG] org.hibernate.SQL - alter table if exists loans add constraint FKokwvlrv6o4i4h3le3bwhe6kie foreign key (book_id) references books
2026-04-08 12:55:04.247 [DEBUG] org.hibernate.SQL - alter table if exists loans add constraint FK6xxlcjc0rqtn5nq28vjnx5t9d foreign key (user_id) references users
2026-04-08 12:55:04.252 [DEBUG] org.hibernate.SQL - alter table if exists users add constraint FKp56c1712k691lhsyewcssf40f foreign key (role_id) references roles
2026-04-08 12:55:04.961 [DEBUG] org.hibernate.SQL - set client_min_messages = WARNING
2026-04-08 12:55:04.961 [DEBUG] org.hibernate.SQL - alter table if exists loans drop constraint if exists FKokwvlrv6o4i4h3le3bwhe6kie
2026-04-08 12:55:04.964 [DEBUG] org.hibernate.SQL - alter table if exists loans drop constraint if exists FK6xxlcjc0rqtn5nq28vjnx5t9d
2026-04-08 12:55:04.965 [DEBUG] org.hibernate.SQL - alter table if exists users drop constraint if exists FKp56c1712k691lhsyewcssf40f
2026-04-08 12:55:04.968 [DEBUG] org.hibernate.SQL - drop table if exists books cascade
2026-04-08 12:55:04.971 [DEBUG] org.hibernate.SQL - drop table if exists loans cascade
2026-04-08 12:55:04.973 [DEBUG] org.hibernate.SQL - drop table if exists roles cascade
2026-04-08 12:55:04.980 [DEBUG] org.hibernate.SQL - drop table if exists users cascade
2026-04-08 12:58:06.228 [INFO] m9.project.Library - Starting Library using Java 17.0.14 with PID 32516 (C:\Users\jiasanchez\Documents\Java\Git\PortableGit\M9_Project1\target\classes started by jiasanchez in C:\Users\jiasanchez\Documents\Java\Git\PortableGit\M9_Project1)
2026-04-08 12:58:06.230 [DEBUG] m9.project.Library - Running with Spring Boot v4.0.2, Spring v7.0.3
2026-04-08 12:58:06.230 [INFO] m9.project.Library - No active profile set, falling back to 1 default profile: "default"
2026-04-08 12:58:08.730 [DEBUG] org.hibernate.SQL - set client_min_messages = WARNING
2026-04-08 12:58:08.732 [DEBUG] org.hibernate.SQL - alter table if exists loans drop constraint if exists FKokwvlrv6o4i4h3le3bwhe6kie
2026-04-08 12:58:08.733 [DEBUG] org.hibernate.SQL - alter table if exists loans drop constraint if exists FK6xxlcjc0rqtn5nq28vjnx5t9d
2026-04-08 12:58:08.734 [DEBUG] org.hibernate.SQL - alter table if exists users drop constraint if exists FKp56c1712k691lhsyewcssf40f
2026-04-08 12:58:08.735 [DEBUG] org.hibernate.SQL - drop table if exists books cascade
2026-04-08 12:58:08.735 [DEBUG] org.hibernate.SQL - drop table if exists loans cascade
2026-04-08 12:58:08.736 [DEBUG] org.hibernate.SQL - drop table if exists roles cascade
2026-04-08 12:58:08.736 [DEBUG] org.hibernate.SQL - drop table if exists users cascade
2026-04-08 12:58:08.742 [DEBUG] org.hibernate.SQL - create table books (is_available boolean, book_id bigint not null, author VARCHAR(300), title VARCHAR(300), primary key (book_id))
2026-04-08 12:58:08.752 [DEBUG] org.hibernate.SQL - create table loans (is_active boolean, book_id bigint, loan_id bigint generated by default as identity, user_id bigint, primary key (loan_id))
2026-04-08 12:58:08.758 [DEBUG] org.hibernate.SQL - create table roles (id bigint generated by default as identity, role varchar(255), primary key (id))
2026-04-08 12:58:08.766 [DEBUG] org.hibernate.SQL - create table users (enabled boolean, role_id bigint, user_id bigint generated by default as identity, name varchar(200) not null, password varchar(255) not null, primary key (user_id))
2026-04-08 12:58:08.772 [DEBUG] org.hibernate.SQL - alter table if exists loans add constraint FKokwvlrv6o4i4h3le3bwhe6kie foreign key (book_id) references books
2026-04-08 12:58:08.777 [DEBUG] org.hibernate.SQL - alter table if exists loans add constraint FK6xxlcjc0rqtn5nq28vjnx5t9d foreign key (user_id) references users
2026-04-08 12:58:08.779 [DEBUG] org.hibernate.SQL - alter table if exists users add constraint FKp56c1712k691lhsyewcssf40f foreign key (role_id) references roles
2026-04-08 12:58:09.605 [INFO] m9.project.Library - Started Library in 3.657 seconds (process running for 4.415)
2026-04-08 12:58:09.701 [DEBUG] org.hibernate.SQL - insert into users (enabled,name,password,role_id) values (?,?,?,?)
2026-04-08 12:58:09.802 [DEBUG] org.hibernate.SQL - insert into users (enabled,name,password,role_id) values (?,?,?,?)
2026-04-08 12:58:09.806 [DEBUG] org.hibernate.SQL - insert into roles (role) values (?)
2026-04-08 12:58:10.186 [DEBUG] org.hibernate.SQL - set client_min_messages = WARNING
2026-04-08 12:58:10.187 [DEBUG] org.hibernate.SQL - alter table if exists loans drop constraint if exists FKokwvlrv6o4i4h3le3bwhe6kie
2026-04-08 12:58:10.191 [DEBUG] org.hibernate.SQL - alter table if exists loans drop constraint if exists FK6xxlcjc0rqtn5nq28vjnx5t9d
2026-04-08 12:58:10.193 [DEBUG] org.hibernate.SQL - alter table if exists users drop constraint if exists FKp56c1712k691lhsyewcssf40f
2026-04-08 12:58:10.195 [DEBUG] org.hibernate.SQL - drop table if exists books cascade
2026-04-08 12:58:10.200 [DEBUG] org.hibernate.SQL - drop table if exists loans cascade
2026-04-08 12:58:10.204 [DEBUG] org.hibernate.SQL - drop table if exists roles cascade
2026-04-08 12:58:10.210 [DEBUG] org.hibernate.SQL - drop table if exists users cascade
2026-04-08 12:58:31.235 [INFO] m9.project.Library - Starting Library using Java 17.0.14 with PID 824 (C:\Users\jiasanchez\Documents\Java\Git\PortableGit\M9_Project1\target\classes started by jiasanchez in C:\Users\jiasanchez\Documents\Java\Git\PortableGit\M9_Project1)
2026-04-08 12:58:31.237 [DEBUG] m9.project.Library - Running with Spring Boot v4.0.2, Spring v7.0.3
2026-04-08 12:58:31.238 [INFO] m9.project.Library - No active profile set, falling back to 1 default profile: "default"
2026-04-08 12:58:33.583 [DEBUG] org.hibernate.SQL - set client_min_messages = WARNING
2026-04-08 12:58:33.584 [DEBUG] org.hibernate.SQL - alter table if exists loans drop constraint if exists FKokwvlrv6o4i4h3le3bwhe6kie
2026-04-08 12:58:33.585 [DEBUG] org.hibernate.SQL - alter table if exists loans drop constraint if exists FK6xxlcjc0rqtn5nq28vjnx5t9d
2026-04-08 12:58:33.586 [DEBUG] org.hibernate.SQL - alter table if exists users drop constraint if exists FKp56c1712k691lhsyewcssf40f
2026-04-08 12:58:33.587 [DEBUG] org.hibernate.SQL - drop table if exists books cascade
2026-04-08 12:58:33.588 [DEBUG] org.hibernate.SQL - drop table if exists loans cascade
2026-04-08 12:58:33.589 [DEBUG] org.hibernate.SQL - drop table if exists roles cascade
2026-04-08 12:58:33.589 [DEBUG] org.hibernate.SQL - drop table if exists users cascade
2026-04-08 12:58:33.596 [DEBUG] org.hibernate.SQL - create table books (is_available boolean, book_id bigint not null, author VARCHAR(300), title VARCHAR(300), primary key (book_id))
2026-04-08 12:58:33.604 [DEBUG] org.hibernate.SQL - create table loans (is_active boolean, book_id bigint, loan_id bigint generated by default as identity, user_id bigint, primary key (loan_id))
2026-04-08 12:58:33.612 [DEBUG] org.hibernate.SQL - create table roles (id bigint generated by default as identity, role varchar(255), primary key (id))
2026-04-08 12:58:33.618 [DEBUG] org.hibernate.SQL - create table users (enabled boolean, role_id bigint, user_id bigint generated by default as identity, name varchar(200) not null, password varchar(255) not null, primary key (user_id))
2026-04-08 12:58:33.624 [DEBUG] org.hibernate.SQL - alter table if exists loans add constraint FKokwvlrv6o4i4h3le3bwhe6kie foreign key (book_id) references books
2026-04-08 12:58:33.627 [DEBUG] org.hibernate.SQL - alter table if exists loans add constraint FK6xxlcjc0rqtn5nq28vjnx5t9d foreign key (user_id) references users
2026-04-08 12:58:33.630 [DEBUG] org.hibernate.SQL - alter table if exists users add constraint FKp56c1712k691lhsyewcssf40f foreign key (role_id) references roles
2026-04-08 12:58:34.388 [INFO] m9.project.Library - Started Library in 3.421 seconds (process running for 4.12)
2026-04-08 12:58:34.477 [DEBUG] org.hibernate.SQL - insert into users (enabled,name,password,role_id) values (?,?,?,?)
2026-04-08 12:58:34.567 [DEBUG] org.hibernate.SQL - insert into users (enabled,name,password,role_id) values (?,?,?,?)
2026-04-08 12:58:34.571 [DEBUG] org.hibernate.SQL - insert into roles (role) values (?)
2026-04-08 12:58:34.956 [DEBUG] org.hibernate.SQL - set client_min_messages = WARNING
2026-04-08 12:58:34.957 [DEBUG] org.hibernate.SQL - alter table if exists loans drop constraint if exists FKokwvlrv6o4i4h3le3bwhe6kie
2026-04-08 12:58:34.961 [DEBUG] org.hibernate.SQL - alter table if exists loans drop constraint if exists FK6xxlcjc0rqtn5nq28vjnx5t9d
2026-04-08 12:58:34.964 [DEBUG] org.hibernate.SQL - alter table if exists users drop constraint if exists FKp56c1712k691lhsyewcssf40f
2026-04-08 12:58:34.967 [DEBUG] org.hibernate.SQL - drop table if exists books cascade
2026-04-08 12:58:34.972 [DEBUG] org.hibernate.SQL - drop table if exists loans cascade
2026-04-08 12:58:34.974 [DEBUG] org.hibernate.SQL - drop table if exists roles cascade
2026-04-08 12:58:34.978 [DEBUG] org.hibernate.SQL - drop table if exists users cascade
2026-04-08 13:00:46.331 [INFO] m9.project.Library - Starting Library using Java 17.0.14 with PID 36580 (C:\Users\jiasanchez\Documents\Java\Git\PortableGit\M9_Project1\target\classes started by jiasanchez in C:\Users\jiasanchez\Documents\Java\Git\PortableGit\M9_Project1)
2026-04-08 13:00:46.333 [DEBUG] m9.project.Library - Running with Spring Boot v4.0.2, Spring v7.0.3
2026-04-08 13:00:46.333 [INFO] m9.project.Library - No active profile set, falling back to 1 default profile: "default"
2026-04-08 13:00:48.827 [DEBUG] org.hibernate.SQL - set client_min_messages = WARNING
2026-04-08 13:00:48.828 [DEBUG] org.hibernate.SQL - alter table if exists loans drop constraint if exists FKokwvlrv6o4i4h3le3bwhe6kie
2026-04-08 13:00:48.829 [DEBUG] org.hibernate.SQL - alter table if exists loans drop constraint if exists FK6xxlcjc0rqtn5nq28vjnx5t9d
2026-04-08 13:00:48.829 [DEBUG] org.hibernate.SQL - alter table if exists users drop constraint if exists FKp56c1712k691lhsyewcssf40f
2026-04-08 13:00:48.830 [DEBUG] org.hibernate.SQL - drop table if exists books cascade
2026-04-08 13:00:48.830 [DEBUG] org.hibernate.SQL - drop table if exists loans cascade
2026-04-08 13:00:48.830 [DEBUG] org.hibernate.SQL - drop table if exists roles cascade
2026-04-08 13:00:48.831 [DEBUG] org.hibernate.SQL - drop table if exists users cascade
2026-04-08 13:00:48.836 [DEBUG] org.hibernate.SQL - create table books (is_available boolean, book_id bigint not null, author VARCHAR(300), title VARCHAR(300), primary key (book_id))
2026-04-08 13:00:48.845 [DEBUG] org.hibernate.SQL - create table loans (is_active boolean, book_id bigint, loan_id bigint generated by default as identity, user_id bigint, primary key (loan_id))
2026-04-08 13:00:48.850 [DEBUG] org.hibernate.SQL - create table roles (id bigint generated by default as identity, role varchar(255), primary key (id))
2026-04-08 13:00:48.856 [DEBUG] org.hibernate.SQL - create table users (enabled boolean, role_id bigint, user_id bigint generated by default as identity, name varchar(200) not null, password varchar(255) not null, primary key (user_id))
2026-04-08 13:00:48.861 [DEBUG] org.hibernate.SQL - alter table if exists loans add constraint FKokwvlrv6o4i4h3le3bwhe6kie foreign key (book_id) references books
2026-04-08 13:00:48.866 [DEBUG] org.hibernate.SQL - alter table if exists loans add constraint FK6xxlcjc0rqtn5nq28vjnx5t9d foreign key (user_id) references users
2026-04-08 13:00:48.868 [DEBUG] org.hibernate.SQL - alter table if exists users add constraint FKp56c1712k691lhsyewcssf40f foreign key (role_id) references roles
2026-04-08 13:00:49.713 [INFO] m9.project.Library - Started Library in 3.654 seconds (process running for 4.333)
2026-04-08 13:01:25.443 [DEBUG] org.hibernate.SQL - select u1_0.user_id,u1_0.enabled,u1_0.name,u1_0.password,u1_0.role_id from users u1_0 where u1_0.name=?
2026-04-08 13:01:25.474 [DEBUG] org.hibernate.SQL - select r1_0.id,r1_0.role from roles r1_0 where r1_0.id=?
2026-04-08 13:01:25.497 [DEBUG] org.hibernate.SQL - select u1_0.user_id,u1_0.enabled,u1_0.name,u1_0.password,u1_0.role_id from users u1_0 where u1_0.name=?
2026-04-08 13:01:25.499 [DEBUG] org.hibernate.SQL - select r1_0.id,r1_0.role from roles r1_0 where r1_0.id=?
2026-04-08 13:01:36.201 [DEBUG] org.hibernate.SQL - select u1_0.user_id,u1_0.enabled,u1_0.name,u1_0.password,u1_0.role_id from users u1_0 where u1_0.name=?
2026-04-08 13:01:36.202 [DEBUG] org.hibernate.SQL - select r1_0.id,r1_0.role from roles r1_0 where r1_0.id=?
2026-04-08 13:01:36.205 [DEBUG] org.hibernate.SQL - select u1_0.user_id,u1_0.enabled,u1_0.name,u1_0.password,u1_0.role_id from users u1_0 where u1_0.name=?
2026-04-08 13:01:36.207 [DEBUG] org.hibernate.SQL - select r1_0.id,r1_0.role from roles r1_0 where r1_0.id=?
2026-04-08 13:10:16.633 [DEBUG] org.hibernate.SQL - set client_min_messages = WARNING
2026-04-08 13:10:16.634 [DEBUG] org.hibernate.SQL - alter table if exists loans drop constraint if exists FKokwvlrv6o4i4h3le3bwhe6kie
2026-04-08 13:10:16.640 [DEBUG] org.hibernate.SQL - alter table if exists loans drop constraint if exists FK6xxlcjc0rqtn5nq28vjnx5t9d
2026-04-08 13:10:16.643 [DEBUG] org.hibernate.SQL - alter table if exists users drop constraint if exists FKp56c1712k691lhsyewcssf40f
2026-04-08 13:10:16.645 [DEBUG] org.hibernate.SQL - drop table if exists books cascade
2026-04-08 13:10:16.653 [DEBUG] org.hibernate.SQL - drop table if exists loans cascade
2026-04-08 13:10:16.660 [DEBUG] org.hibernate.SQL - drop table if exists roles cascade
2026-04-08 13:10:16.667 [DEBUG] org.hibernate.SQL - drop table if exists users cascade
2026-04-08 13:21:26.593 [INFO] m9.project.Library - Starting Library using Java 17.0.14 with PID 20744 (C:\Users\jiasanchez\Documents\Java\Git\PortableGit\M9_Project1\target\classes started by jiasanchez in C:\Users\jiasanchez\Documents\Java\Git\PortableGit\M9_Project1)
2026-04-08 13:21:26.595 [DEBUG] m9.project.Library - Running with Spring Boot v4.0.2, Spring v7.0.3
2026-04-08 13:21:26.596 [INFO] m9.project.Library - No active profile set, falling back to 1 default profile: "default"
2026-04-08 13:21:29.050 [DEBUG] org.hibernate.SQL - set client_min_messages = WARNING
2026-04-08 13:21:29.052 [DEBUG] org.hibernate.SQL - alter table if exists loans drop constraint if exists FKokwvlrv6o4i4h3le3bwhe6kie
2026-04-08 13:21:29.053 [DEBUG] org.hibernate.SQL - alter table if exists loans drop constraint if exists FK6xxlcjc0rqtn5nq28vjnx5t9d
2026-04-08 13:21:29.054 [DEBUG] org.hibernate.SQL - alter table if exists users drop constraint if exists FKp56c1712k691lhsyewcssf40f
2026-04-08 13:21:29.054 [DEBUG] org.hibernate.SQL - drop table if exists books cascade
2026-04-08 13:21:29.055 [DEBUG] org.hibernate.SQL - drop table if exists loans cascade
2026-04-08 13:21:29.056 [DEBUG] org.hibernate.SQL - drop table if exists roles cascade
2026-04-08 13:21:29.057 [DEBUG] org.hibernate.SQL - drop table if exists users cascade
2026-04-08 13:21:29.062 [DEBUG] org.hibernate.SQL - create table books (is_available boolean, book_id bigint not null, author VARCHAR(300), title VARCHAR(300), primary key (book_id))
2026-04-08 13:21:29.073 [DEBUG] org.hibernate.SQL - create table loans (is_active boolean, book_id bigint, loan_id bigint generated by default as identity, user_id bigint, primary key (loan_id))
2026-04-08 13:21:29.080 [DEBUG] org.hibernate.SQL - create table roles (id bigint generated by default as identity, role varchar(255), primary key (id))
2026-04-08 13:21:29.086 [DEBUG] org.hibernate.SQL - create table users (enabled boolean, role_id bigint, user_id bigint generated by default as identity, name varchar(200) not null, password varchar(255) not null, primary key (user_id))
2026-04-08 13:21:29.093 [DEBUG] org.hibernate.SQL - alter table if exists loans add constraint FKokwvlrv6o4i4h3le3bwhe6kie foreign key (book_id) references books
2026-04-08 13:21:29.096 [DEBUG] org.hibernate.SQL - alter table if exists loans add constraint FK6xxlcjc0rqtn5nq28vjnx5t9d foreign key (user_id) references users
2026-04-08 13:21:29.099 [DEBUG] org.hibernate.SQL - alter table if exists users add constraint FKp56c1712k691lhsyewcssf40f foreign key (role_id) references roles
2026-04-08 13:21:29.925 [INFO] m9.project.Library - Started Library in 3.616 seconds (process running for 4.359)
2026-04-08 13:21:30.181 [DEBUG] org.hibernate.SQL - select r1_0.id,r1_0.role from roles r1_0 where r1_0.role=?
2026-04-08 13:21:30.206 [DEBUG] org.hibernate.SQL - select r1_0.id,r1_0.role from roles r1_0 where r1_0.role=?
2026-04-08 13:21:30.213 [DEBUG] org.hibernate.SQL - select u1_0.user_id,u1_0.enabled,u1_0.name,u1_0.password,u1_0.role_id from users u1_0 where u1_0.name=?
2026-04-08 13:21:30.219 [DEBUG] org.hibernate.SQL - select r1_0.id,r1_0.role from roles r1_0 where r1_0.id=?
2026-04-08 13:21:49.310 [DEBUG] org.hibernate.SQL - set client_min_messages = WARNING
2026-04-08 13:21:49.311 [DEBUG] org.hibernate.SQL - alter table if exists loans drop constraint if exists FKokwvlrv6o4i4h3le3bwhe6kie
2026-04-08 13:21:49.318 [DEBUG] org.hibernate.SQL - alter table if exists loans drop constraint if exists FK6xxlcjc0rqtn5nq28vjnx5t9d
2026-04-08 13:21:49.322 [DEBUG] org.hibernate.SQL - alter table if exists users drop constraint if exists FKp56c1712k691lhsyewcssf40f
2026-04-08 13:21:49.325 [DEBUG] org.hibernate.SQL - drop table if exists books cascade
2026-04-08 13:21:49.333 [DEBUG] org.hibernate.SQL - drop table if exists loans cascade
2026-04-08 13:21:49.343 [DEBUG] org.hibernate.SQL - drop table if exists roles cascade
2026-04-08 13:21:49.355 [DEBUG] org.hibernate.SQL - drop table if exists users cascade
2026-04-08 13:22:03.322 [INFO] m9.project.Library - Starting Library using Java 17.0.14 with PID 11376 (C:\Users\jiasanchez\Documents\Java\Git\PortableGit\M9_Project1\target\classes started by jiasanchez in C:\Users\jiasanchez\Documents\Java\Git\PortableGit\M9_Project1)
2026-04-08 13:22:03.326 [DEBUG] m9.project.Library - Running with Spring Boot v4.0.2, Spring v7.0.3
2026-04-08 13:22:03.327 [INFO] m9.project.Library - No active profile set, falling back to 1 default profile: "default"
2026-04-08 13:22:07.115 [DEBUG] org.hibernate.SQL - set client_min_messages = WARNING
2026-04-08 13:22:07.115 [DEBUG] org.hibernate.SQL - alter table if exists loans drop constraint if exists FKokwvlrv6o4i4h3le3bwhe6kie
2026-04-08 13:22:07.115 [DEBUG] org.hibernate.SQL - alter table if exists loans drop constraint if exists FK6xxlcjc0rqtn5nq28vjnx5t9d
2026-04-08 13:22:07.115 [DEBUG] org.hibernate.SQL - alter table if exists users drop constraint if exists FKp56c1712k691lhsyewcssf40f
2026-04-08 13:22:07.115 [DEBUG] org.hibernate.SQL - drop table if exists books cascade
2026-04-08 13:22:07.115 [DEBUG] org.hibernate.SQL - drop table if exists loans cascade
2026-04-08 13:22:07.131 [DEBUG] org.hibernate.SQL - drop table if exists roles cascade
2026-04-08 13:22:07.131 [DEBUG] org.hibernate.SQL - drop table if exists users cascade
2026-04-08 13:22:07.131 [DEBUG] org.hibernate.SQL - create table books (is_available boolean, book_id bigint not null, author VARCHAR(300), title VARCHAR(300), primary key (book_id))
2026-04-08 13:22:07.147 [DEBUG] org.hibernate.SQL - create table loans (is_active boolean, book_id bigint, loan_id bigint generated by default as identity, user_id bigint, primary key (loan_id))
2026-04-08 13:22:07.162 [DEBUG] org.hibernate.SQL - create table roles (id bigint generated by default as identity, role varchar(255), primary key (id))
2026-04-08 13:22:07.170 [DEBUG] org.hibernate.SQL - create table users (enabled boolean, role_id bigint, user_id bigint generated by default as identity, name varchar(200) not null, password varchar(255) not null, primary key (user_id))
2026-04-08 13:22:07.178 [DEBUG] org.hibernate.SQL - alter table if exists loans add constraint FKokwvlrv6o4i4h3le3bwhe6kie foreign key (book_id) references books
2026-04-08 13:22:07.178 [DEBUG] org.hibernate.SQL - alter table if exists loans add constraint FK6xxlcjc0rqtn5nq28vjnx5t9d foreign key (user_id) references users
2026-04-08 13:22:07.178 [DEBUG] org.hibernate.SQL - alter table if exists users add constraint FKp56c1712k691lhsyewcssf40f foreign key (role_id) references roles
2026-04-08 13:22:09.420 [INFO] m9.project.Library - Started Library in 6.378 seconds (process running for 7.118)
2026-04-08 13:22:10.262 [DEBUG] org.hibernate.SQL - select r1_0.id,r1_0.role from roles r1_0 where r1_0.role=?
2026-04-08 13:22:10.329 [DEBUG] org.hibernate.SQL - select r1_0.id,r1_0.role from roles r1_0 where r1_0.role=?
2026-04-08 13:22:10.360 [DEBUG] org.hibernate.SQL - select u1_0.user_id,u1_0.enabled,u1_0.name,u1_0.password,u1_0.role_id from users u1_0 where u1_0.name=?
2026-04-08 13:22:10.647 [DEBUG] org.hibernate.SQL - insert into users (enabled,name,password,role_id) values (?,?,?,?)
2026-04-08 13:22:29.590 [DEBUG] org.hibernate.SQL - select u1_0.user_id,u1_0.enabled,u1_0.name,u1_0.password,u1_0.role_id from users u1_0 where u1_0.name=?
2026-04-08 13:22:29.595 [DEBUG] org.hibernate.SQL - select r1_0.id,r1_0.role from roles r1_0 where r1_0.id=?
2026-04-08 13:22:29.998 [DEBUG] org.hibernate.SQL - insert into users (enabled,name,password,role_id) values (?,?,?,?)
2026-04-08 13:22:30.006 [ERROR] m9.project.exception.GlobalExceptionHandler - User admin Unexpected error | path=/users/create
org.springframework.dao.InvalidDataAccessApiUsageException: org.hibernate.TransientPropertyValueException: Persistent instance of 'm9.project.entity.User' references an unsaved transient instance of 'm9.project.entity.Role' (persist the transient instance before flushing) [m9.project.entity.User.role -> m9.project.entity.Role]
	at org.springframework.orm.jpa.EntityManagerFactoryUtils.convertJpaAccessExceptionIfPossible(EntityManagerFactoryUtils.java:362)
	at org.springframework.orm.jpa.hibernate.HibernateExceptionTranslator.translateExceptionIfPossible(HibernateExceptionTranslator.java:112)
	at org.springframework.orm.jpa.vendor.HibernateJpaDialect.translateExceptionIfPossible(HibernateJpaDialect.java:199)
	at org.springframework.orm.jpa.JpaTransactionManager.doCommit(JpaTransactionManager.java:557)
	at org.springframework.transaction.support.AbstractPlatformTransactionManager.processCommit(AbstractPlatformTransactionManager.java:794)
	at org.springframework.transaction.support.AbstractPlatformTransactionManager.commit(AbstractPlatformTransactionManager.java:757)
	at org.springframework.transaction.interceptor.TransactionAspectSupport.commitTransactionAfterReturning(TransactionAspectSupport.java:687)
	at org.springframework.transaction.interceptor.TransactionAspectSupport.invokeWithinTransaction(TransactionAspectSupport.java:408)
	at org.springframework.transaction.interceptor.TransactionInterceptor.invoke(TransactionInterceptor.java:130)
	at org.springframework.aop.framework.ReflectiveMethodInvocation.proceed(ReflectiveMethodInvocation.java:179)
	at org.springframework.aop.framework.CglibAopProxy$DynamicAdvisedInterceptor.intercept(CglibAopProxy.java:719)
	at m9.project.service.UserService$$SpringCGLIB$$0.createUser(<generated>)
	at m9.project.controller.UserController.createUser(UserController.java:38)
	at java.base/jdk.internal.reflect.NativeMethodAccessorImpl.invoke0(Native Method)
	at java.base/jdk.internal.reflect.NativeMethodAccessorImpl.invoke(NativeMethodAccessorImpl.java:77)
	at java.base/jdk.internal.reflect.DelegatingMethodAccessorImpl.invoke(DelegatingMethodAccessorImpl.java:43)
	at java.base/java.lang.reflect.Method.invoke(Method.java:569)
	at org.springframework.aop.support.AopUtils.invokeJoinpointUsingReflection(AopUtils.java:359)
	at org.springframework.aop.framework.ReflectiveMethodInvocation.invokeJoinpoint(ReflectiveMethodInvocation.java:190)
	at org.springframework.aop.framework.ReflectiveMethodInvocation.proceed(ReflectiveMethodInvocation.java:158)
	at org.springframework.security.authorization.method.AuthorizationManagerBeforeMethodInterceptor.proceed(AuthorizationManagerBeforeMethodInterceptor.java:271)
	at org.springframework.security.authorization.method.AuthorizationManagerBeforeMethodInterceptor.attemptAuthorization(AuthorizationManagerBeforeMethodInterceptor.java:266)
	at org.springframework.security.authorization.method.AuthorizationManagerBeforeMethodInterceptor.invoke(AuthorizationManagerBeforeMethodInterceptor.java:197)
	at org.springframework.security.config.annotation.method.configuration.DeferringMethodInterceptor.invoke(DeferringMethodInterceptor.java:44)
	at org.springframework.aop.framework.ReflectiveMethodInvocation.proceed(ReflectiveMethodInvocation.java:179)
	at org.springframework.aop.framework.CglibAopProxy$DynamicAdvisedInterceptor.intercept(CglibAopProxy.java:719)
	at m9.project.controller.UserController$$SpringCGLIB$$0.createUser(<generated>)
	at java.base/jdk.internal.reflect.NativeMethodAccessorImpl.invoke0(Native Method)
	at java.base/jdk.internal.reflect.NativeMethodAccessorImpl.invoke(NativeMethodAccessorImpl.java:77)
	at java.base/jdk.internal.reflect.DelegatingMethodAccessorImpl.invoke(DelegatingMethodAccessorImpl.java:43)
	at java.base/java.lang.reflect.Method.invoke(Method.java:569)
	at org.springframework.web.method.support.InvocableHandlerMethod.doInvoke(InvocableHandlerMethod.java:258)
	at org.springframework.web.method.support.InvocableHandlerMethod.invokeForRequest(InvocableHandlerMethod.java:190)
	at org.springframework.web.servlet.mvc.method.annotation.ServletInvocableHandlerMethod.invokeAndHandle(ServletInvocableHandlerMethod.java:117)
	at org.springframework.web.servlet.mvc.method.annotation.RequestMappingHandlerAdapter.invokeHandlerMethod(RequestMappingHandlerAdapter.java:934)
	at org.springframework.web.servlet.mvc.method.annotation.RequestMappingHandlerAdapter.handleInternal(RequestMappingHandlerAdapter.java:853)
	at org.springframework.web.servlet.mvc.method.AbstractHandlerMethodAdapter.handle(AbstractHandlerMethodAdapter.java:86)
	at org.springframework.web.servlet.DispatcherServlet.doDispatch(DispatcherServlet.java:963)
	at org.springframework.web.servlet.DispatcherServlet.doService(DispatcherServlet.java:866)
	at org.springframework.web.servlet.FrameworkServlet.processRequest(FrameworkServlet.java:1003)
	at org.springframework.web.servlet.FrameworkServlet.doPost(FrameworkServlet.java:903)
	at jakarta.servlet.http.HttpServlet.service(HttpServlet.java:649)
	at org.springframework.web.servlet.FrameworkServlet.service(FrameworkServlet.java:874)
	at jakarta.servlet.http.HttpServlet.service(HttpServlet.java:710)
	at org.apache.catalina.core.ApplicationFilterChain.doFilter(ApplicationFilterChain.java:128)
	at org.apache.tomcat.websocket.server.WsFilter.doFilter(WsFilter.java:53)
	at org.apache.catalina.core.ApplicationFilterChain.doFilter(ApplicationFilterChain.java:107)
	at org.springframework.web.filter.CompositeFilter$VirtualFilterChain.doFilter(CompositeFilter.java:108)
	at org.springframework.security.web.FilterChainProxy.lambda$doFilterInternal$3(FilterChainProxy.java:235)
	at org.springframework.security.web.FilterChainProxy$VirtualFilterChain.doFilter(FilterChainProxy.java:371)
	at org.springframework.security.web.access.intercept.AuthorizationFilter.doFilter(AuthorizationFilter.java:101)
	at org.springframework.security.web.FilterChainProxy$VirtualFilterChain.doFilter(FilterChainProxy.java:380)
	at org.springframework.security.web.access.ExceptionTranslationFilter.doFilter(ExceptionTranslationFilter.java:126)
	at org.springframework.security.web.access.ExceptionTranslationFilter.doFilter(ExceptionTranslationFilter.java:120)
	at org.springframework.security.web.FilterChainProxy$VirtualFilterChain.doFilter(FilterChainProxy.java:380)
	at org.springframework.security.web.authentication.AnonymousAuthenticationFilter.doFilter(AnonymousAuthenticationFilter.java:100)
	at org.springframework.security.web.FilterChainProxy$VirtualFilterChain.doFilter(FilterChainProxy.java:380)
	at org.springframework.security.web.servletapi.SecurityContextHolderAwareRequestFilter.doFilter(SecurityContextHolderAwareRequestFilter.java:181)
	at org.springframework.security.web.FilterChainProxy$VirtualFilterChain.doFilter(FilterChainProxy.java:380)
	at org.springframework.security.web.savedrequest.RequestCacheAwareFilter.doFilter(RequestCacheAwareFilter.java:63)
	at org.springframework.security.web.FilterChainProxy$VirtualFilterChain.doFilter(FilterChainProxy.java:380)
	at org.springframework.security.web.authentication.www.BasicAuthenticationFilter.doFilterInternal(BasicAuthenticationFilter.java:247)
	at org.springframework.web.filter.OncePerRequestFilter.doFilter(OncePerRequestFilter.java:116)
	at org.springframework.security.web.FilterChainProxy$VirtualFilterChain.doFilter(FilterChainProxy.java:380)
	at org.springframework.security.web.authentication.logout.LogoutFilter.doFilter(LogoutFilter.java:110)
	at org.springframework.security.web.authentication.logout.LogoutFilter.doFilter(LogoutFilter.java:96)
	at org.springframework.security.web.FilterChainProxy$VirtualFilterChain.doFilter(FilterChainProxy.java:380)
	at org.springframework.security.web.header.HeaderWriterFilter.doHeadersAfter(HeaderWriterFilter.java:90)
	at org.springframework.security.web.header.HeaderWriterFilter.doFilterInternal(HeaderWriterFilter.java:75)
	at org.springframework.web.filter.OncePerRequestFilter.doFilter(OncePerRequestFilter.java:116)
	at org.springframework.security.web.FilterChainProxy$VirtualFilterChain.doFilter(FilterChainProxy.java:380)
	at org.springframework.security.web.context.SecurityContextHolderFilter.doFilter(SecurityContextHolderFilter.java:82)
	at org.springframework.security.web.context.SecurityContextHolderFilter.doFilter(SecurityContextHolderFilter.java:69)
	at org.springframework.security.web.FilterChainProxy$VirtualFilterChain.doFilter(FilterChainProxy.java:380)
	at org.springframework.security.web.context.request.async.WebAsyncManagerIntegrationFilter.doFilterInternal(WebAsyncManagerIntegrationFilter.java:62)
	at org.springframework.web.filter.OncePerRequestFilter.doFilter(OncePerRequestFilter.java:116)
	at org.springframework.security.web.FilterChainProxy$VirtualFilterChain.doFilter(FilterChainProxy.java:380)
	at org.springframework.security.web.session.DisableEncodeUrlFilter.doFilterInternal(DisableEncodeUrlFilter.java:42)
	at org.springframework.web.filter.OncePerRequestFilter.doFilter(OncePerRequestFilter.java:116)
	at org.springframework.security.web.FilterChainProxy$VirtualFilterChain.doFilter(FilterChainProxy.java:380)
	at org.springframework.security.web.FilterChainProxy.doFilterInternal(FilterChainProxy.java:237)
	at org.springframework.security.web.FilterChainProxy.doFilter(FilterChainProxy.java:195)
	at org.springframework.web.filter.CompositeFilter$VirtualFilterChain.doFilter(CompositeFilter.java:113)
	at org.springframework.web.filter.ServletRequestPathFilter.doFilter(ServletRequestPathFilter.java:52)
	at org.springframework.web.filter.CompositeFilter$VirtualFilterChain.doFilter(CompositeFilter.java:113)
	at org.springframework.web.filter.CompositeFilter.doFilter(CompositeFilter.java:74)
	at org.springframework.security.config.annotation.web.configuration.WebSecurityConfiguration$CompositeFilterChainProxy.doFilter(WebSecurityConfiguration.java:317)
	at org.springframework.web.filter.DelegatingFilterProxy.invokeDelegate(DelegatingFilterProxy.java:355)
	at org.springframework.web.filter.DelegatingFilterProxy.doFilter(DelegatingFilterProxy.java:272)
	at org.apache.catalina.core.ApplicationFilterChain.doFilter(ApplicationFilterChain.java:107)
	at org.springframework.web.filter.RequestContextFilter.doFilterInternal(RequestContextFilter.java:100)
	at org.springframework.web.filter.OncePerRequestFilter.doFilter(OncePerRequestFilter.java:116)
	at org.apache.catalina.core.ApplicationFilterChain.doFilter(ApplicationFilterChain.java:107)
	at org.springframework.web.filter.FormContentFilter.doFilterInternal(FormContentFilter.java:93)
	at org.springframework.web.filter.OncePerRequestFilter.doFilter(OncePerRequestFilter.java:116)
	at org.apache.catalina.core.ApplicationFilterChain.doFilter(ApplicationFilterChain.java:107)
	at org.springframework.web.filter.CharacterEncodingFilter.doFilterInternal(CharacterEncodingFilter.java:199)
	at org.springframework.web.filter.OncePerRequestFilter.doFilter(OncePerRequestFilter.java:116)
	at org.apache.catalina.core.ApplicationFilterChain.doFilter(ApplicationFilterChain.java:107)
	at org.apache.catalina.core.StandardWrapperValve.invoke(StandardWrapperValve.java:165)
	at org.apache.catalina.core.StandardContextValve.invoke(StandardContextValve.java:77)
	at org.apache.catalina.authenticator.AuthenticatorBase.invoke(AuthenticatorBase.java:482)
	at org.apache.catalina.core.StandardHostValve.invoke(StandardHostValve.java:113)
	at org.apache.catalina.valves.ErrorReportValve.invoke(ErrorReportValve.java:83)
	at org.apache.catalina.core.StandardEngineValve.invoke(StandardEngineValve.java:72)
	at org.apache.catalina.connector.CoyoteAdapter.service(CoyoteAdapter.java:341)
	at org.apache.coyote.http11.Http11Processor.service(Http11Processor.java:397)
	at org.apache.coyote.AbstractProcessorLight.process(AbstractProcessorLight.java:63)
	at org.apache.coyote.AbstractProtocol$ConnectionHandler.process(AbstractProtocol.java:903)
	at org.apache.tomcat.util.net.NioEndpoint$SocketProcessor.doRun(NioEndpoint.java:1778)
	at org.apache.tomcat.util.net.SocketProcessorBase.run(SocketProcessorBase.java:52)
	at org.apache.tomcat.util.threads.ThreadPoolExecutor.runWorker(ThreadPoolExecutor.java:946)
	at org.apache.tomcat.util.threads.ThreadPoolExecutor$Worker.run(ThreadPoolExecutor.java:480)
	at org.apache.tomcat.util.threads.TaskThread$WrappingRunnable.run(TaskThread.java:57)
	at java.base/java.lang.Thread.run(Thread.java:840)
Caused by: java.lang.IllegalStateException: org.hibernate.TransientPropertyValueException: Persistent instance of 'm9.project.entity.User' references an unsaved transient instance of 'm9.project.entity.Role' (persist the transient instance before flushing) [m9.project.entity.User.role -> m9.project.entity.Role]
	at org.hibernate.internal.ExceptionConverterImpl.convert(ExceptionConverterImpl.java:142)
	at org.hibernate.internal.ExceptionConverterImpl.convert(ExceptionConverterImpl.java:157)
	at org.hibernate.internal.ExceptionConverterImpl.convert(ExceptionConverterImpl.java:163)
	at org.hibernate.internal.SessionImpl.fireFlush(SessionImpl.java:1494)
	at org.hibernate.internal.SessionImpl.managedFlush(SessionImpl.java:481)
	at org.hibernate.internal.SessionImpl.flushBeforeTransactionCompletion(SessionImpl.java:2116)
	at org.hibernate.internal.SessionImpl.beforeTransactionCompletion(SessionImpl.java:2038)
	at org.hibernate.engine.jdbc.internal.JdbcCoordinatorImpl.beforeTransactionCompletion(JdbcCoordinatorImpl.java:410)
	at org.hibernate.resource.transaction.backend.jdbc.internal.JdbcResourceLocalTransactionCoordinatorImpl.beforeCompletionCallback(JdbcResourceLocalTransactionCoordinatorImpl.java:166)
	at org.hibernate.resource.transaction.backend.jdbc.internal.JdbcResourceLocalTransactionCoordinatorImpl$TransactionDriverControlImpl.commitNoRollbackOnly(JdbcResourceLocalTransactionCoordinatorImpl.java:248)
	at org.hibernate.resource.transaction.backend.jdbc.internal.JdbcResourceLocalTransactionCoordinatorImpl$TransactionDriverControlImpl.commit(JdbcResourceLocalTransactionCoordinatorImpl.java:242)
	at org.hibernate.engine.transaction.internal.TransactionImpl.commit(TransactionImpl.java:89)
	at org.springframework.orm.jpa.JpaTransactionManager.doCommit(JpaTransactionManager.java:553)
	... 111 common frames omitted
Caused by: org.hibernate.TransientPropertyValueException: Persistent instance of 'm9.project.entity.User' references an unsaved transient instance of 'm9.project.entity.Role' (persist the transient instance before flushing) [m9.project.entity.User.role -> m9.project.entity.Role]
	at org.hibernate.engine.spi.CascadingActions$8.cascade(CascadingActions.java:391)
	at org.hibernate.engine.spi.CascadingActions$8.cascade(CascadingActions.java:370)
	at org.hibernate.engine.internal.Cascade.cascadeToOne(Cascade.java:533)
	at org.hibernate.engine.internal.Cascade.cascadeAssociation(Cascade.java:436)
	at org.hibernate.engine.internal.Cascade.cascadeProperty(Cascade.java:217)
	at org.hibernate.engine.internal.Cascade.cascade(Cascade.java:158)
	at org.hibernate.event.internal.AbstractFlushingEventListener.checkForTransientReferences(AbstractFlushingEventListener.java:143)
	at org.hibernate.event.internal.AbstractFlushingEventListener.prepareEntityFlushes(AbstractFlushingEventListener.java:132)
	at org.hibernate.event.internal.AbstractFlushingEventListener.preFlush(AbstractFlushingEventListener.java:83)
	at org.hibernate.event.internal.AbstractFlushingEventListener.flushEverythingToExecutions(AbstractFlushingEventListener.java:62)
	at org.hibernate.event.internal.DefaultFlushEventListener.onFlush(DefaultFlushEventListener.java:39)
	at org.hibernate.event.service.internal.EventListenerGroupImpl.fireEventOnEachListener(EventListenerGroupImpl.java:138)
	at org.hibernate.internal.SessionImpl.fireFlush(SessionImpl.java:1489)
	... 120 common frames omitted
2026-04-08 13:24:43.921 [DEBUG] org.hibernate.SQL - set client_min_messages = WARNING
2026-04-08 13:24:43.922 [DEBUG] org.hibernate.SQL - alter table if exists loans drop constraint if exists FKokwvlrv6o4i4h3le3bwhe6kie
2026-04-08 13:24:43.925 [DEBUG] org.hibernate.SQL - alter table if exists loans drop constraint if exists FK6xxlcjc0rqtn5nq28vjnx5t9d
2026-04-08 13:24:43.929 [DEBUG] org.hibernate.SQL - alter table if exists users drop constraint if exists FKp56c1712k691lhsyewcssf40f
2026-04-08 13:24:43.932 [DEBUG] org.hibernate.SQL - drop table if exists books cascade
2026-04-08 13:24:43.940 [DEBUG] org.hibernate.SQL - drop table if exists loans cascade
2026-04-08 13:24:43.945 [DEBUG] org.hibernate.SQL - drop table if exists roles cascade
2026-04-08 13:24:43.950 [DEBUG] org.hibernate.SQL - drop table if exists users cascade
2026-04-08 13:29:23.863 [INFO] m9.project.Library - Starting Library using Java 17.0.14 with PID 6356 (C:\Users\jiasanchez\Documents\Java\Git\PortableGit\M9_Project1\target\classes started by jiasanchez in C:\Users\jiasanchez\Documents\Java\Git\PortableGit\M9_Project1)
2026-04-08 13:29:23.867 [DEBUG] m9.project.Library - Running with Spring Boot v4.0.2, Spring v7.0.3
2026-04-08 13:29:23.867 [INFO] m9.project.Library - No active profile set, falling back to 1 default profile: "default"
2026-04-08 13:29:26.296 [DEBUG] org.hibernate.SQL - set client_min_messages = WARNING
2026-04-08 13:29:26.297 [DEBUG] org.hibernate.SQL - alter table if exists loans drop constraint if exists FKokwvlrv6o4i4h3le3bwhe6kie
2026-04-08 13:29:26.298 [DEBUG] org.hibernate.SQL - alter table if exists loans drop constraint if exists FK6xxlcjc0rqtn5nq28vjnx5t9d
2026-04-08 13:29:26.298 [DEBUG] org.hibernate.SQL - alter table if exists users drop constraint if exists FKp56c1712k691lhsyewcssf40f
2026-04-08 13:29:26.299 [DEBUG] org.hibernate.SQL - drop table if exists books cascade
2026-04-08 13:29:26.300 [DEBUG] org.hibernate.SQL - drop table if exists loans cascade
2026-04-08 13:29:26.300 [DEBUG] org.hibernate.SQL - drop table if exists roles cascade
2026-04-08 13:29:26.301 [DEBUG] org.hibernate.SQL - drop table if exists users cascade
2026-04-08 13:29:26.305 [DEBUG] org.hibernate.SQL - create table books (is_available boolean, book_id bigint not null, author VARCHAR(300), title VARCHAR(300), primary key (book_id))
2026-04-08 13:29:26.318 [DEBUG] org.hibernate.SQL - create table loans (is_active boolean, book_id bigint, loan_id bigint generated by default as identity, user_id bigint, primary key (loan_id))
2026-04-08 13:29:26.324 [DEBUG] org.hibernate.SQL - create table roles (id bigint generated by default as identity, role varchar(255), primary key (id))
2026-04-08 13:29:26.330 [DEBUG] org.hibernate.SQL - create table users (enabled boolean, role_id bigint, user_id bigint generated by default as identity, name varchar(200) not null, password varchar(255) not null, primary key (user_id))
2026-04-08 13:29:26.336 [DEBUG] org.hibernate.SQL - alter table if exists loans add constraint FKokwvlrv6o4i4h3le3bwhe6kie foreign key (book_id) references books
2026-04-08 13:29:26.340 [DEBUG] org.hibernate.SQL - alter table if exists loans add constraint FK6xxlcjc0rqtn5nq28vjnx5t9d foreign key (user_id) references users
2026-04-08 13:29:26.342 [DEBUG] org.hibernate.SQL - alter table if exists users add constraint FKp56c1712k691lhsyewcssf40f foreign key (role_id) references roles
2026-04-08 13:29:27.193 [INFO] m9.project.Library - Started Library in 3.601 seconds (process running for 4.256)
2026-04-08 13:29:27.466 [DEBUG] org.hibernate.SQL - select r1_0.id,r1_0.role from roles r1_0 where r1_0.role=?
2026-04-08 13:29:27.495 [DEBUG] org.hibernate.SQL - select r1_0.id,r1_0.role from roles r1_0 where r1_0.role=?
2026-04-08 13:29:27.501 [DEBUG] org.hibernate.SQL - select u1_0.user_id,u1_0.enabled,u1_0.name,u1_0.password,u1_0.role_id from users u1_0 where u1_0.name=?
2026-04-08 13:29:27.590 [DEBUG] org.hibernate.SQL - insert into users (enabled,name,password,role_id) values (?,?,?,?)
2026-04-08 13:31:30.393 [DEBUG] org.hibernate.SQL - select u1_0.user_id,u1_0.enabled,u1_0.name,u1_0.password,u1_0.role_id from users u1_0 where u1_0.name=?
2026-04-08 13:31:30.398 [DEBUG] org.hibernate.SQL - select r1_0.id,r1_0.role from roles r1_0 where r1_0.id=?
2026-04-08 13:31:30.691 [DEBUG] org.hibernate.SQL - select r1_0.id,r1_0.role from roles r1_0 where r1_0.role=?
2026-04-08 13:31:30.786 [DEBUG] org.hibernate.SQL - insert into users (enabled,name,password,role_id) values (?,?,?,?)
2026-04-08 13:31:48.225 [DEBUG] org.hibernate.SQL - select u1_0.user_id,u1_0.enabled,u1_0.name,u1_0.password,u1_0.role_id from users u1_0 where u1_0.name=?
2026-04-08 13:31:48.227 [DEBUG] org.hibernate.SQL - select r1_0.id,r1_0.role from roles r1_0 where r1_0.id=?
2026-04-08 13:31:48.321 [DEBUG] org.hibernate.SQL - select r1_0.id,r1_0.role from roles r1_0 where r1_0.role=?
2026-04-08 13:31:48.422 [DEBUG] org.hibernate.SQL - insert into users (enabled,name,password,role_id) values (?,?,?,?)
2026-04-08 13:34:02.646 [DEBUG] org.hibernate.SQL - set client_min_messages = WARNING
2026-04-08 13:34:02.647 [DEBUG] org.hibernate.SQL - alter table if exists loans drop constraint if exists FKokwvlrv6o4i4h3le3bwhe6kie
2026-04-08 13:34:02.652 [DEBUG] org.hibernate.SQL - alter table if exists loans drop constraint if exists FK6xxlcjc0rqtn5nq28vjnx5t9d
2026-04-08 13:34:02.655 [DEBUG] org.hibernate.SQL - alter table if exists users drop constraint if exists FKp56c1712k691lhsyewcssf40f
2026-04-08 13:34:02.658 [DEBUG] org.hibernate.SQL - drop table if exists books cascade
2026-04-08 13:34:02.664 [DEBUG] org.hibernate.SQL - drop table if exists loans cascade
2026-04-08 13:34:02.670 [DEBUG] org.hibernate.SQL - drop table if exists roles cascade
2026-04-08 13:34:02.679 [DEBUG] org.hibernate.SQL - drop table if exists users cascade
2026-04-08 14:23:56.052 [INFO] m9.project.Library - Starting Library using Java 17.0.14 with PID 612 (C:\Users\jiasanchez\Documents\Java\Git\PortableGit\M9_Project1\target\classes started by jiasanchez in C:\Users\jiasanchez\Documents\Java\Git\PortableGit\M9_Project1)
2026-04-08 14:23:56.055 [DEBUG] m9.project.Library - Running with Spring Boot v4.0.2, Spring v7.0.3
2026-04-08 14:23:56.055 [INFO] m9.project.Library - No active profile set, falling back to 1 default profile: "default"
2026-04-08 14:23:58.584 [DEBUG] org.hibernate.SQL - set client_min_messages = WARNING
2026-04-08 14:23:58.586 [DEBUG] org.hibernate.SQL - alter table if exists loans drop constraint if exists FKokwvlrv6o4i4h3le3bwhe6kie
2026-04-08 14:23:58.587 [DEBUG] org.hibernate.SQL - alter table if exists loans drop constraint if exists FK6xxlcjc0rqtn5nq28vjnx5t9d
2026-04-08 14:23:58.587 [DEBUG] org.hibernate.SQL - alter table if exists users drop constraint if exists FKp56c1712k691lhsyewcssf40f
2026-04-08 14:23:58.588 [DEBUG] org.hibernate.SQL - drop table if exists books cascade
2026-04-08 14:23:58.589 [DEBUG] org.hibernate.SQL - drop table if exists loans cascade
2026-04-08 14:23:58.590 [DEBUG] org.hibernate.SQL - drop table if exists roles cascade
2026-04-08 14:23:58.591 [DEBUG] org.hibernate.SQL - drop table if exists users cascade
2026-04-08 14:23:58.598 [DEBUG] org.hibernate.SQL - create table books (is_available boolean, book_id bigint not null, author VARCHAR(300), title VARCHAR(300), primary key (book_id))
2026-04-08 14:23:58.613 [DEBUG] org.hibernate.SQL - create table loans (is_active boolean, book_id bigint, loan_id bigint generated by default as identity, user_id bigint, primary key (loan_id))
2026-04-08 14:23:58.623 [DEBUG] org.hibernate.SQL - create table roles (id bigint generated by default as identity, role varchar(255), primary key (id))
2026-04-08 14:23:58.633 [DEBUG] org.hibernate.SQL - create table users (enabled boolean, role_id bigint, user_id bigint generated by default as identity, name varchar(200) not null, password varchar(255) not null, primary key (user_id))
2026-04-08 14:23:58.642 [DEBUG] org.hibernate.SQL - alter table if exists loans add constraint FKokwvlrv6o4i4h3le3bwhe6kie foreign key (book_id) references books
2026-04-08 14:23:58.651 [DEBUG] org.hibernate.SQL - alter table if exists loans add constraint FK6xxlcjc0rqtn5nq28vjnx5t9d foreign key (user_id) references users
2026-04-08 14:23:58.655 [DEBUG] org.hibernate.SQL - alter table if exists users add constraint FKp56c1712k691lhsyewcssf40f foreign key (role_id) references roles
2026-04-08 14:23:59.511 [INFO] m9.project.Library - Started Library in 3.735 seconds (process running for 4.451)
2026-04-08 14:23:59.782 [DEBUG] org.hibernate.SQL - select r1_0.id,r1_0.role from roles r1_0 where r1_0.role=?
2026-04-08 14:23:59.811 [DEBUG] org.hibernate.SQL - select r1_0.id,r1_0.role from roles r1_0 where r1_0.role=?
2026-04-08 14:23:59.817 [DEBUG] org.hibernate.SQL - select u1_0.user_id,u1_0.enabled,u1_0.name,u1_0.password,u1_0.role_id from users u1_0 where u1_0.name=?
2026-04-08 14:23:59.905 [DEBUG] org.hibernate.SQL - insert into users (enabled,name,password,role_id) values (?,?,?,?)
2026-04-08 14:26:17.917 [DEBUG] org.hibernate.SQL - select u1_0.user_id,u1_0.enabled,u1_0.name,u1_0.password,u1_0.role_id from users u1_0 where u1_0.name=?
2026-04-08 14:26:17.923 [DEBUG] org.hibernate.SQL - select r1_0.id,r1_0.role from roles r1_0 where r1_0.id=?
2026-04-08 14:26:18.203 [DEBUG] org.hibernate.SQL - select r1_0.id,r1_0.role from roles r1_0 where r1_0.role=?
2026-04-08 14:26:18.290 [INFO] m9.project.service.UserService - User admin Successfully Created User johna
2026-04-08 14:26:18.291 [DEBUG] org.hibernate.SQL - insert into users (enabled,name,password,role_id) values (?,?,?,?)
2026-04-08 14:26:26.791 [DEBUG] org.hibernate.SQL - select u1_0.user_id,u1_0.enabled,u1_0.name,u1_0.password,u1_0.role_id from users u1_0 where u1_0.name=?
2026-04-08 14:26:26.793 [DEBUG] org.hibernate.SQL - select r1_0.id,r1_0.role from roles r1_0 where r1_0.id=?
2026-04-08 14:26:26.890 [DEBUG] org.hibernate.SQL - select r1_0.id,r1_0.role from roles r1_0 where r1_0.role=?
2026-04-08 14:26:26.974 [INFO] m9.project.service.UserService - User admin Successfully Created User johna
2026-04-08 14:26:26.975 [DEBUG] org.hibernate.SQL - insert into users (enabled,name,password,role_id) values (?,?,?,?)
2026-04-08 14:26:50.229 [DEBUG] org.hibernate.SQL - set client_min_messages = WARNING
2026-04-08 14:26:50.230 [DEBUG] org.hibernate.SQL - alter table if exists loans drop constraint if exists FKokwvlrv6o4i4h3le3bwhe6kie
2026-04-08 14:26:50.236 [DEBUG] org.hibernate.SQL - alter table if exists loans drop constraint if exists FK6xxlcjc0rqtn5nq28vjnx5t9d
2026-04-08 14:26:50.238 [DEBUG] org.hibernate.SQL - alter table if exists users drop constraint if exists FKp56c1712k691lhsyewcssf40f
2026-04-08 14:26:50.240 [DEBUG] org.hibernate.SQL - drop table if exists books cascade
2026-04-08 14:26:50.248 [DEBUG] org.hibernate.SQL - drop table if exists loans cascade
2026-04-08 14:26:50.253 [DEBUG] org.hibernate.SQL - drop table if exists roles cascade
2026-04-08 14:26:50.260 [DEBUG] org.hibernate.SQL - drop table if exists users cascade
2026-04-08 14:31:57.834 [INFO] m9.project.Library - Starting Library using Java 17.0.14 with PID 32800 (C:\Users\jiasanchez\Documents\Java\Git\PortableGit\M9_Project1\target\classes started by jiasanchez in C:\Users\jiasanchez\Documents\Java\Git\PortableGit\M9_Project1)
2026-04-08 14:31:57.836 [DEBUG] m9.project.Library - Running with Spring Boot v4.0.2, Spring v7.0.3
2026-04-08 14:31:57.837 [INFO] m9.project.Library - No active profile set, falling back to 1 default profile: "default"
2026-04-08 14:32:00.193 [DEBUG] org.hibernate.SQL - set client_min_messages = WARNING
2026-04-08 14:32:00.195 [DEBUG] org.hibernate.SQL - alter table if exists loans drop constraint if exists FKokwvlrv6o4i4h3le3bwhe6kie
2026-04-08 14:32:00.196 [DEBUG] org.hibernate.SQL - alter table if exists loans drop constraint if exists FK6xxlcjc0rqtn5nq28vjnx5t9d
2026-04-08 14:32:00.196 [DEBUG] org.hibernate.SQL - alter table if exists users drop constraint if exists FKp56c1712k691lhsyewcssf40f
2026-04-08 14:32:00.197 [DEBUG] org.hibernate.SQL - drop table if exists books cascade
2026-04-08 14:32:00.198 [DEBUG] org.hibernate.SQL - drop table if exists loans cascade
2026-04-08 14:32:00.198 [DEBUG] org.hibernate.SQL - drop table if exists roles cascade
2026-04-08 14:32:00.199 [DEBUG] org.hibernate.SQL - drop table if exists users cascade
2026-04-08 14:32:00.207 [DEBUG] org.hibernate.SQL - create table books (is_available boolean, book_id bigint not null, author VARCHAR(300), title VARCHAR(300), primary key (book_id))
2026-04-08 14:32:00.220 [DEBUG] org.hibernate.SQL - create table loans (is_active boolean, book_id bigint, loan_id bigint generated by default as identity, user_id bigint, primary key (loan_id))
2026-04-08 14:32:00.227 [DEBUG] org.hibernate.SQL - create table roles (id bigint generated by default as identity, role varchar(255), primary key (id))
2026-04-08 14:32:00.237 [DEBUG] org.hibernate.SQL - create table users (enabled boolean, role_id bigint, user_id bigint generated by default as identity, name varchar(200) not null unique, password varchar(255) not null, primary key (user_id))
2026-04-08 14:32:00.249 [DEBUG] org.hibernate.SQL - alter table if exists loans add constraint FKokwvlrv6o4i4h3le3bwhe6kie foreign key (book_id) references books
2026-04-08 14:32:00.255 [DEBUG] org.hibernate.SQL - alter table if exists loans add constraint FK6xxlcjc0rqtn5nq28vjnx5t9d foreign key (user_id) references users
2026-04-08 14:32:00.258 [DEBUG] org.hibernate.SQL - alter table if exists users add constraint FKp56c1712k691lhsyewcssf40f foreign key (role_id) references roles
2026-04-08 14:32:01.097 [INFO] m9.project.Library - Started Library in 3.536 seconds (process running for 4.223)
2026-04-08 14:32:01.372 [DEBUG] org.hibernate.SQL - select r1_0.id,r1_0.role from roles r1_0 where r1_0.role=?
2026-04-08 14:32:01.396 [DEBUG] org.hibernate.SQL - select r1_0.id,r1_0.role from roles r1_0 where r1_0.role=?
2026-04-08 14:32:01.403 [DEBUG] org.hibernate.SQL - select u1_0.user_id,u1_0.enabled,u1_0.name,u1_0.password,u1_0.role_id from users u1_0 where u1_0.name=?
2026-04-08 14:32:01.492 [DEBUG] org.hibernate.SQL - insert into users (enabled,name,password,role_id) values (?,?,?,?)
2026-04-08 14:34:21.862 [DEBUG] org.hibernate.SQL - select u1_0.user_id,u1_0.enabled,u1_0.name,u1_0.password,u1_0.role_id from users u1_0 where u1_0.name=?
2026-04-08 14:34:21.867 [DEBUG] org.hibernate.SQL - select r1_0.id,r1_0.role from roles r1_0 where r1_0.id=?
2026-04-08 14:34:22.125 [DEBUG] org.hibernate.SQL - select r1_0.id,r1_0.role from roles r1_0 where r1_0.role=?
2026-04-08 14:34:22.213 [INFO] m9.project.service.UserService - User admin Successfully Created User johna
2026-04-08 14:34:22.213 [DEBUG] org.hibernate.SQL - insert into users (enabled,name,password,role_id) values (?,?,?,?)
2026-04-08 14:34:23.424 [DEBUG] org.hibernate.SQL - select u1_0.user_id,u1_0.enabled,u1_0.name,u1_0.password,u1_0.role_id from users u1_0 where u1_0.name=?
2026-04-08 14:34:23.426 [DEBUG] org.hibernate.SQL - select r1_0.id,r1_0.role from roles r1_0 where r1_0.id=?
2026-04-08 14:34:23.518 [DEBUG] org.hibernate.SQL - select r1_0.id,r1_0.role from roles r1_0 where r1_0.role=?
2026-04-08 14:34:23.601 [INFO] m9.project.service.UserService - User admin Successfully Created User johna
2026-04-08 14:34:23.602 [DEBUG] org.hibernate.SQL - insert into users (enabled,name,password,role_id) values (?,?,?,?)
2026-04-08 14:34:23.622 [ERROR] m9.project.exception.GlobalExceptionHandler - User admin Unexpected error | path=/users/create
org.springframework.dao.DataIntegrityViolationException: could not execute statement [ERROR: duplicate key value violates unique constraint "users_name_key"
  Detail: Key (name)=(johna) already exists.] [insert into users (enabled,name,password,role_id) values (?,?,?,?)]; SQL [insert into users (enabled,name,password,role_id) values (?,?,?,?)]; constraint [users_name_key]
	at org.springframework.orm.jpa.hibernate.HibernateExceptionTranslator.convertHibernateAccessException(HibernateExceptionTranslator.java:169)
	at org.springframework.orm.jpa.hibernate.HibernateExceptionTranslator.convertHibernateAccessException(HibernateExceptionTranslator.java:131)
	at org.springframework.orm.jpa.hibernate.HibernateExceptionTranslator.translateExceptionIfPossible(HibernateExceptionTranslator.java:105)
	at org.springframework.orm.jpa.vendor.HibernateJpaDialect.translateExceptionIfPossible(HibernateJpaDialect.java:199)
	at org.springframework.orm.jpa.AbstractEntityManagerFactoryBean.translateExceptionIfPossible(AbstractEntityManagerFactoryBean.java:556)
	at org.springframework.dao.support.ChainedPersistenceExceptionTranslator.translateExceptionIfPossible(ChainedPersistenceExceptionTranslator.java:61)
	at org.springframework.dao.support.DataAccessUtils.translateIfNecessary(DataAccessUtils.java:346)
	at org.springframework.dao.support.PersistenceExceptionTranslationInterceptor.invoke(PersistenceExceptionTranslationInterceptor.java:157)
	at org.springframework.aop.framework.ReflectiveMethodInvocation.proceed(ReflectiveMethodInvocation.java:179)
	at org.springframework.data.jpa.repository.support.CrudMethodMetadataPostProcessor$CrudMethodMetadataPopulatingMethodInterceptor.invoke(CrudMethodMetadataPostProcessor.java:166)
	at org.springframework.aop.framework.ReflectiveMethodInvocation.proceed(ReflectiveMethodInvocation.java:179)
	at org.springframework.aop.framework.JdkDynamicAopProxy.invoke(JdkDynamicAopProxy.java:222)
	at jdk.proxy2/jdk.proxy2.$Proxy139.save(Unknown Source)
	at m9.project.service.UserService.createUser(UserService.java:45)
	at java.base/jdk.internal.reflect.NativeMethodAccessorImpl.invoke0(Native Method)
	at java.base/jdk.internal.reflect.NativeMethodAccessorImpl.invoke(NativeMethodAccessorImpl.java:77)
	at java.base/jdk.internal.reflect.DelegatingMethodAccessorImpl.invoke(DelegatingMethodAccessorImpl.java:43)
	at java.base/java.lang.reflect.Method.invoke(Method.java:569)
	at org.springframework.aop.support.AopUtils.invokeJoinpointUsingReflection(AopUtils.java:359)
	at org.springframework.aop.framework.ReflectiveMethodInvocation.invokeJoinpoint(ReflectiveMethodInvocation.java:190)
	at org.springframework.aop.framework.ReflectiveMethodInvocation.proceed(ReflectiveMethodInvocation.java:158)
	at org.springframework.transaction.interceptor.TransactionInterceptor$1.proceedWithInvocation(TransactionInterceptor.java:133)
	at org.springframework.transaction.interceptor.TransactionAspectSupport.invokeWithinTransaction(TransactionAspectSupport.java:371)
	at org.springframework.transaction.interceptor.TransactionInterceptor.invoke(TransactionInterceptor.java:130)
	at org.springframework.aop.framework.ReflectiveMethodInvocation.proceed(ReflectiveMethodInvocation.java:179)
	at org.springframework.aop.framework.CglibAopProxy$DynamicAdvisedInterceptor.intercept(CglibAopProxy.java:719)
	at m9.project.service.UserService$$SpringCGLIB$$0.createUser(<generated>)
	at m9.project.controller.UserController.createUser(UserController.java:38)
	at java.base/jdk.internal.reflect.NativeMethodAccessorImpl.invoke0(Native Method)
	at java.base/jdk.internal.reflect.NativeMethodAccessorImpl.invoke(NativeMethodAccessorImpl.java:77)
	at java.base/jdk.internal.reflect.DelegatingMethodAccessorImpl.invoke(DelegatingMethodAccessorImpl.java:43)
	at java.base/java.lang.reflect.Method.invoke(Method.java:569)
	at org.springframework.aop.support.AopUtils.invokeJoinpointUsingReflection(AopUtils.java:359)
	at org.springframework.aop.framework.ReflectiveMethodInvocation.invokeJoinpoint(ReflectiveMethodInvocation.java:190)
	at org.springframework.aop.framework.ReflectiveMethodInvocation.proceed(ReflectiveMethodInvocation.java:158)
	at org.springframework.security.authorization.method.AuthorizationManagerBeforeMethodInterceptor.proceed(AuthorizationManagerBeforeMethodInterceptor.java:271)
	at org.springframework.security.authorization.method.AuthorizationManagerBeforeMethodInterceptor.attemptAuthorization(AuthorizationManagerBeforeMethodInterceptor.java:266)
	at org.springframework.security.authorization.method.AuthorizationManagerBeforeMethodInterceptor.invoke(AuthorizationManagerBeforeMethodInterceptor.java:197)
	at org.springframework.security.config.annotation.method.configuration.DeferringMethodInterceptor.invoke(DeferringMethodInterceptor.java:44)
	at org.springframework.aop.framework.ReflectiveMethodInvocation.proceed(ReflectiveMethodInvocation.java:179)
	at org.springframework.aop.framework.CglibAopProxy$DynamicAdvisedInterceptor.intercept(CglibAopProxy.java:719)
	at m9.project.controller.UserController$$SpringCGLIB$$0.createUser(<generated>)
	at java.base/jdk.internal.reflect.NativeMethodAccessorImpl.invoke0(Native Method)
	at java.base/jdk.internal.reflect.NativeMethodAccessorImpl.invoke(NativeMethodAccessorImpl.java:77)
	at java.base/jdk.internal.reflect.DelegatingMethodAccessorImpl.invoke(DelegatingMethodAccessorImpl.java:43)
	at java.base/java.lang.reflect.Method.invoke(Method.java:569)
	at org.springframework.web.method.support.InvocableHandlerMethod.doInvoke(InvocableHandlerMethod.java:258)
	at org.springframework.web.method.support.InvocableHandlerMethod.invokeForRequest(InvocableHandlerMethod.java:190)
	at org.springframework.web.servlet.mvc.method.annotation.ServletInvocableHandlerMethod.invokeAndHandle(ServletInvocableHandlerMethod.java:117)
	at org.springframework.web.servlet.mvc.method.annotation.RequestMappingHandlerAdapter.invokeHandlerMethod(RequestMappingHandlerAdapter.java:934)
	at org.springframework.web.servlet.mvc.method.annotation.RequestMappingHandlerAdapter.handleInternal(RequestMappingHandlerAdapter.java:853)
	at org.springframework.web.servlet.mvc.method.AbstractHandlerMethodAdapter.handle(AbstractHandlerMethodAdapter.java:86)
	at org.springframework.web.servlet.DispatcherServlet.doDispatch(DispatcherServlet.java:963)
	at org.springframework.web.servlet.DispatcherServlet.doService(DispatcherServlet.java:866)
	at org.springframework.web.servlet.FrameworkServlet.processRequest(FrameworkServlet.java:1003)
	at org.springframework.web.servlet.FrameworkServlet.doPost(FrameworkServlet.java:903)
	at jakarta.servlet.http.HttpServlet.service(HttpServlet.java:649)
	at org.springframework.web.servlet.FrameworkServlet.service(FrameworkServlet.java:874)
	at jakarta.servlet.http.HttpServlet.service(HttpServlet.java:710)
	at org.apache.catalina.core.ApplicationFilterChain.doFilter(ApplicationFilterChain.java:128)
	at org.apache.tomcat.websocket.server.WsFilter.doFilter(WsFilter.java:53)
	at org.apache.catalina.core.ApplicationFilterChain.doFilter(ApplicationFilterChain.java:107)
	at org.springframework.web.filter.CompositeFilter$VirtualFilterChain.doFilter(CompositeFilter.java:108)
	at org.springframework.security.web.FilterChainProxy.lambda$doFilterInternal$3(FilterChainProxy.java:235)
	at org.springframework.security.web.FilterChainProxy$VirtualFilterChain.doFilter(FilterChainProxy.java:371)
	at org.springframework.security.web.access.intercept.AuthorizationFilter.doFilter(AuthorizationFilter.java:101)
	at org.springframework.security.web.FilterChainProxy$VirtualFilterChain.doFilter(FilterChainProxy.java:380)
	at org.springframework.security.web.access.ExceptionTranslationFilter.doFilter(ExceptionTranslationFilter.java:126)
	at org.springframework.security.web.access.ExceptionTranslationFilter.doFilter(ExceptionTranslationFilter.java:120)
	at org.springframework.security.web.FilterChainProxy$VirtualFilterChain.doFilter(FilterChainProxy.java:380)
	at org.springframework.security.web.authentication.AnonymousAuthenticationFilter.doFilter(AnonymousAuthenticationFilter.java:100)
	at org.springframework.security.web.FilterChainProxy$VirtualFilterChain.doFilter(FilterChainProxy.java:380)
	at org.springframework.security.web.servletapi.SecurityContextHolderAwareRequestFilter.doFilter(SecurityContextHolderAwareRequestFilter.java:181)
	at org.springframework.security.web.FilterChainProxy$VirtualFilterChain.doFilter(FilterChainProxy.java:380)
	at org.springframework.security.web.savedrequest.RequestCacheAwareFilter.doFilter(RequestCacheAwareFilter.java:63)
	at org.springframework.security.web.FilterChainProxy$VirtualFilterChain.doFilter(FilterChainProxy.java:380)
	at org.springframework.security.web.authentication.www.BasicAuthenticationFilter.doFilterInternal(BasicAuthenticationFilter.java:247)
	at org.springframework.web.filter.OncePerRequestFilter.doFilter(OncePerRequestFilter.java:116)
	at org.springframework.security.web.FilterChainProxy$VirtualFilterChain.doFilter(FilterChainProxy.java:380)
	at org.springframework.security.web.authentication.logout.LogoutFilter.doFilter(LogoutFilter.java:110)
	at org.springframework.security.web.authentication.logout.LogoutFilter.doFilter(LogoutFilter.java:96)
	at org.springframework.security.web.FilterChainProxy$VirtualFilterChain.doFilter(FilterChainProxy.java:380)
	at org.springframework.security.web.header.HeaderWriterFilter.doHeadersAfter(HeaderWriterFilter.java:90)
	at org.springframework.security.web.header.HeaderWriterFilter.doFilterInternal(HeaderWriterFilter.java:75)
	at org.springframework.web.filter.OncePerRequestFilter.doFilter(OncePerRequestFilter.java:116)
	at org.springframework.security.web.FilterChainProxy$VirtualFilterChain.doFilter(FilterChainProxy.java:380)
	at org.springframework.security.web.context.SecurityContextHolderFilter.doFilter(SecurityContextHolderFilter.java:82)
	at org.springframework.security.web.context.SecurityContextHolderFilter.doFilter(SecurityContextHolderFilter.java:69)
	at org.springframework.security.web.FilterChainProxy$VirtualFilterChain.doFilter(FilterChainProxy.java:380)
	at org.springframework.security.web.context.request.async.WebAsyncManagerIntegrationFilter.doFilterInternal(WebAsyncManagerIntegrationFilter.java:62)
	at org.springframework.web.filter.OncePerRequestFilter.doFilter(OncePerRequestFilter.java:116)
	at org.springframework.security.web.FilterChainProxy$VirtualFilterChain.doFilter(FilterChainProxy.java:380)
	at org.springframework.security.web.session.DisableEncodeUrlFilter.doFilterInternal(DisableEncodeUrlFilter.java:42)
	at org.springframework.web.filter.OncePerRequestFilter.doFilter(OncePerRequestFilter.java:116)
	at org.springframework.security.web.FilterChainProxy$VirtualFilterChain.doFilter(FilterChainProxy.java:380)
	at org.springframework.security.web.FilterChainProxy.doFilterInternal(FilterChainProxy.java:237)
	at org.springframework.security.web.FilterChainProxy.doFilter(FilterChainProxy.java:195)
	at org.springframework.web.filter.CompositeFilter$VirtualFilterChain.doFilter(CompositeFilter.java:113)
	at org.springframework.web.filter.ServletRequestPathFilter.doFilter(ServletRequestPathFilter.java:52)
	at org.springframework.web.filter.CompositeFilter$VirtualFilterChain.doFilter(CompositeFilter.java:113)
	at org.springframework.web.filter.CompositeFilter.doFilter(CompositeFilter.java:74)
	at org.springframework.security.config.annotation.web.configuration.WebSecurityConfiguration$CompositeFilterChainProxy.doFilter(WebSecurityConfiguration.java:317)
	at org.springframework.web.filter.DelegatingFilterProxy.invokeDelegate(DelegatingFilterProxy.java:355)
	at org.springframework.web.filter.DelegatingFilterProxy.doFilter(DelegatingFilterProxy.java:272)
	at org.apache.catalina.core.ApplicationFilterChain.doFilter(ApplicationFilterChain.java:107)
	at org.springframework.web.filter.RequestContextFilter.doFilterInternal(RequestContextFilter.java:100)
	at org.springframework.web.filter.OncePerRequestFilter.doFilter(OncePerRequestFilter.java:116)
	at org.apache.catalina.core.ApplicationFilterChain.doFilter(ApplicationFilterChain.java:107)
	at org.springframework.web.filter.FormContentFilter.doFilterInternal(FormContentFilter.java:93)
	at org.springframework.web.filter.OncePerRequestFilter.doFilter(OncePerRequestFilter.java:116)
	at org.apache.catalina.core.ApplicationFilterChain.doFilter(ApplicationFilterChain.java:107)
	at org.springframework.web.filter.CharacterEncodingFilter.doFilterInternal(CharacterEncodingFilter.java:199)
	at org.springframework.web.filter.OncePerRequestFilter.doFilter(OncePerRequestFilter.java:116)
	at org.apache.catalina.core.ApplicationFilterChain.doFilter(ApplicationFilterChain.java:107)
	at org.apache.catalina.core.StandardWrapperValve.invoke(StandardWrapperValve.java:165)
	at org.apache.catalina.core.StandardContextValve.invoke(StandardContextValve.java:77)
	at org.apache.catalina.authenticator.AuthenticatorBase.invoke(AuthenticatorBase.java:482)
	at org.apache.catalina.core.StandardHostValve.invoke(StandardHostValve.java:113)
	at org.apache.catalina.valves.ErrorReportValve.invoke(ErrorReportValve.java:83)
	at org.apache.catalina.core.StandardEngineValve.invoke(StandardEngineValve.java:72)
	at org.apache.catalina.connector.CoyoteAdapter.service(CoyoteAdapter.java:341)
	at org.apache.coyote.http11.Http11Processor.service(Http11Processor.java:397)
	at org.apache.coyote.AbstractProcessorLight.process(AbstractProcessorLight.java:63)
	at org.apache.coyote.AbstractProtocol$ConnectionHandler.process(AbstractProtocol.java:903)
	at org.apache.tomcat.util.net.NioEndpoint$SocketProcessor.doRun(NioEndpoint.java:1778)
	at org.apache.tomcat.util.net.SocketProcessorBase.run(SocketProcessorBase.java:52)
	at org.apache.tomcat.util.threads.ThreadPoolExecutor.runWorker(ThreadPoolExecutor.java:946)
	at org.apache.tomcat.util.threads.ThreadPoolExecutor$Worker.run(ThreadPoolExecutor.java:480)
	at org.apache.tomcat.util.threads.TaskThread$WrappingRunnable.run(TaskThread.java:57)
	at java.base/java.lang.Thread.run(Thread.java:840)
Caused by: org.hibernate.exception.ConstraintViolationException: could not execute statement [ERROR: duplicate key value violates unique constraint "users_name_key"
  Detail: Key (name)=(johna) already exists.] [insert into users (enabled,name,password,role_id) values (?,?,?,?)]
	at org.hibernate.exception.internal.SQLStateConversionDelegate.convert(SQLStateConversionDelegate.java:73)
	at org.hibernate.exception.internal.StandardSQLExceptionConverter.convert(StandardSQLExceptionConverter.java:34)
	at org.hibernate.engine.jdbc.spi.SqlExceptionHelper.convert(SqlExceptionHelper.java:115)
	at org.hibernate.engine.jdbc.internal.ResultSetReturnImpl.executeUpdate(ResultSetReturnImpl.java:184)
	at org.hibernate.id.insert.GetGeneratedKeysDelegate.performMutation(GetGeneratedKeysDelegate.java:103)
	at org.hibernate.engine.jdbc.mutation.internal.MutationExecutorSingleNonBatched.performNonBatchedOperations(MutationExecutorSingleNonBatched.java:45)
	at org.hibernate.engine.jdbc.mutation.internal.AbstractMutationExecutor.execute(AbstractMutationExecutor.java:66)
	at org.hibernate.engine.jdbc.mutation.internal.AbstractMutationExecutor.execute(AbstractMutationExecutor.java:55)
	at org.hibernate.persister.entity.mutation.InsertCoordinatorStandard.doStaticInserts(InsertCoordinatorStandard.java:180)
	at org.hibernate.persister.entity.mutation.InsertCoordinatorStandard.coordinateInsert(InsertCoordinatorStandard.java:120)
	at org.hibernate.persister.entity.mutation.InsertCoordinatorStandard.insert(InsertCoordinatorStandard.java:84)
	at org.hibernate.action.internal.EntityIdentityInsertAction.execute(EntityIdentityInsertAction.java:85)
	at org.hibernate.engine.spi.ActionQueue.execute(ActionQueue.java:667)
	at org.hibernate.engine.spi.ActionQueue.addResolvedEntityInsertAction(ActionQueue.java:291)
	at org.hibernate.engine.spi.ActionQueue.addInsertAction(ActionQueue.java:270)
	at org.hibernate.engine.spi.ActionQueue.addAction(ActionQueue.java:322)
	at org.hibernate.event.internal.AbstractSaveEventListener.addInsertAction(AbstractSaveEventListener.java:371)
	at org.hibernate.event.internal.AbstractSaveEventListener.performSaveOrReplicate(AbstractSaveEventListener.java:285)
	at org.hibernate.event.internal.AbstractSaveEventListener.performSave(AbstractSaveEventListener.java:215)
	at org.hibernate.event.internal.AbstractSaveEventListener.saveWithGeneratedId(AbstractSaveEventListener.java:133)
	at org.hibernate.event.internal.DefaultPersistEventListener.entityIsTransient(DefaultPersistEventListener.java:145)
	at org.hibernate.event.internal.DefaultPersistEventListener.persist(DefaultPersistEventListener.java:89)
	at org.hibernate.event.internal.DefaultPersistEventListener.onPersist(DefaultPersistEventListener.java:73)
	at org.hibernate.event.internal.DefaultPersistEventListener.onPersist(DefaultPersistEventListener.java:49)
	at org.hibernate.event.service.internal.EventListenerGroupImpl.fireEventOnEachListener(EventListenerGroupImpl.java:138)
	at org.hibernate.internal.SessionImpl.firePersist(SessionImpl.java:689)
	at org.hibernate.internal.SessionImpl.persist(SessionImpl.java:672)
	at java.base/jdk.internal.reflect.NativeMethodAccessorImpl.invoke0(Native Method)
	at java.base/jdk.internal.reflect.NativeMethodAccessorImpl.invoke(NativeMethodAccessorImpl.java:77)
	at java.base/jdk.internal.reflect.DelegatingMethodAccessorImpl.invoke(DelegatingMethodAccessorImpl.java:43)
	at java.base/java.lang.reflect.Method.invoke(Method.java:569)
	at org.springframework.orm.jpa.ExtendedEntityManagerCreator$ExtendedEntityManagerInvocationHandler.invoke(ExtendedEntityManagerCreator.java:362)
	at jdk.proxy2/jdk.proxy2.$Proxy134.persist(Unknown Source)
	at java.base/jdk.internal.reflect.NativeMethodAccessorImpl.invoke0(Native Method)
	at java.base/jdk.internal.reflect.NativeMethodAccessorImpl.invoke(NativeMethodAccessorImpl.java:77)
	at java.base/jdk.internal.reflect.DelegatingMethodAccessorImpl.invoke(DelegatingMethodAccessorImpl.java:43)
	at java.base/java.lang.reflect.Method.invoke(Method.java:569)
	at org.springframework.orm.jpa.SharedEntityManagerCreator$SharedEntityManagerInvocationHandler.invoke(SharedEntityManagerCreator.java:317)
	at jdk.proxy2/jdk.proxy2.$Proxy134.persist(Unknown Source)
	at org.springframework.data.jpa.repository.support.SimpleJpaRepository.save(SimpleJpaRepository.java:664)
	at java.base/jdk.internal.reflect.NativeMethodAccessorImpl.invoke0(Native Method)
	at java.base/jdk.internal.reflect.NativeMethodAccessorImpl.invoke(NativeMethodAccessorImpl.java:77)
	at java.base/jdk.internal.reflect.DelegatingMethodAccessorImpl.invoke(DelegatingMethodAccessorImpl.java:43)
	at java.base/java.lang.reflect.Method.invoke(Method.java:569)
	at org.springframework.aop.support.AopUtils.invokeJoinpointUsingReflection(AopUtils.java:359)
	at org.springframework.data.repository.core.support.RepositoryMethodInvoker$RepositoryFragmentMethodInvoker.lambda$new$0(RepositoryMethodInvoker.java:278)
	at org.springframework.data.repository.core.support.RepositoryMethodInvoker.doInvoke(RepositoryMethodInvoker.java:169)
	at org.springframework.data.repository.core.support.RepositoryMethodInvoker.invoke(RepositoryMethodInvoker.java:158)
	at org.springframework.data.repository.core.support.RepositoryComposition$RepositoryFragments.invoke(RepositoryComposition.java:545)
	at org.springframework.data.repository.core.support.RepositoryComposition.invoke(RepositoryComposition.java:290)
	at org.springframework.data.repository.core.support.RepositoryFactorySupport$ImplementationMethodExecutionInterceptor.invoke(RepositoryFactorySupport.java:690)
	at org.springframework.aop.framework.ReflectiveMethodInvocation.proceed(ReflectiveMethodInvocation.java:179)
	at org.springframework.data.repository.core.support.QueryExecutorMethodInterceptor.doInvoke(QueryExecutorMethodInterceptor.java:171)
	at org.springframework.data.repository.core.support.QueryExecutorMethodInterceptor.invoke(QueryExecutorMethodInterceptor.java:146)
	at org.springframework.aop.framework.ReflectiveMethodInvocation.proceed(ReflectiveMethodInvocation.java:179)
	at org.springframework.data.projection.DefaultMethodInvokingMethodInterceptor.invoke(DefaultMethodInvokingMethodInterceptor.java:69)
	at org.springframework.aop.framework.ReflectiveMethodInvocation.proceed(ReflectiveMethodInvocation.java:179)
	at org.springframework.transaction.interceptor.TransactionInterceptor$1.proceedWithInvocation(TransactionInterceptor.java:133)
	at org.springframework.transaction.interceptor.TransactionAspectSupport.invokeWithinTransaction(TransactionAspectSupport.java:371)
	at org.springframework.transaction.interceptor.TransactionInterceptor.invoke(TransactionInterceptor.java:130)
	at org.springframework.aop.framework.ReflectiveMethodInvocation.proceed(ReflectiveMethodInvocation.java:179)
	at org.springframework.dao.support.PersistenceExceptionTranslationInterceptor.invoke(PersistenceExceptionTranslationInterceptor.java:135)
	... 122 common frames omitted
Caused by: org.postgresql.util.PSQLException: ERROR: duplicate key value violates unique constraint "users_name_key"
  Detail: Key (name)=(johna) already exists.
	at org.postgresql.core.v3.QueryExecutorImpl.receiveErrorResponse(QueryExecutorImpl.java:2846)
	at org.postgresql.core.v3.QueryExecutorImpl.processResults(QueryExecutorImpl.java:2531)
	at org.postgresql.core.v3.QueryExecutorImpl.execute(QueryExecutorImpl.java:429)
	at org.postgresql.jdbc.PgStatement.executeInternal(PgStatement.java:526)
	at org.postgresql.jdbc.PgStatement.execute(PgStatement.java:436)
	at org.postgresql.jdbc.PgPreparedStatement.executeWithFlags(PgPreparedStatement.java:196)
	at org.postgresql.jdbc.PgPreparedStatement.executeUpdate(PgPreparedStatement.java:157)
	at com.zaxxer.hikari.pool.ProxyPreparedStatement.executeUpdate(ProxyPreparedStatement.java:61)
	at com.zaxxer.hikari.pool.HikariProxyPreparedStatement.executeUpdate(HikariProxyPreparedStatement.java)
	at org.hibernate.engine.jdbc.internal.ResultSetReturnImpl.executeUpdate(ResultSetReturnImpl.java:181)
	... 180 common frames omitted
2026-04-08 14:41:36.744 [DEBUG] org.hibernate.SQL - set client_min_messages = WARNING
2026-04-08 14:41:36.746 [DEBUG] org.hibernate.SQL - alter table if exists loans drop constraint if exists FKokwvlrv6o4i4h3le3bwhe6kie
2026-04-08 14:41:36.750 [DEBUG] org.hibernate.SQL - alter table if exists loans drop constraint if exists FK6xxlcjc0rqtn5nq28vjnx5t9d
2026-04-08 14:41:36.753 [DEBUG] org.hibernate.SQL - alter table if exists users drop constraint if exists FKp56c1712k691lhsyewcssf40f
2026-04-08 14:41:36.756 [DEBUG] org.hibernate.SQL - drop table if exists books cascade
2026-04-08 14:41:36.761 [DEBUG] org.hibernate.SQL - drop table if exists loans cascade
2026-04-08 14:41:36.766 [DEBUG] org.hibernate.SQL - drop table if exists roles cascade
2026-04-08 14:41:36.772 [DEBUG] org.hibernate.SQL - drop table if exists users cascade
2026-04-08 14:41:41.679 [INFO] m9.project.Library - Starting Library using Java 17.0.14 with PID 26612 (C:\Users\jiasanchez\Documents\Java\Git\PortableGit\M9_Project1\target\classes started by jiasanchez in C:\Users\jiasanchez\Documents\Java\Git\PortableGit\M9_Project1)
2026-04-08 14:41:41.682 [DEBUG] m9.project.Library - Running with Spring Boot v4.0.2, Spring v7.0.3
2026-04-08 14:41:41.682 [INFO] m9.project.Library - No active profile set, falling back to 1 default profile: "default"
2026-04-08 14:41:44.195 [DEBUG] org.hibernate.SQL - set client_min_messages = WARNING
2026-04-08 14:41:44.196 [DEBUG] org.hibernate.SQL - alter table if exists loans drop constraint if exists FKokwvlrv6o4i4h3le3bwhe6kie
2026-04-08 14:41:44.197 [DEBUG] org.hibernate.SQL - alter table if exists loans drop constraint if exists FK6xxlcjc0rqtn5nq28vjnx5t9d
2026-04-08 14:41:44.197 [DEBUG] org.hibernate.SQL - alter table if exists users drop constraint if exists FKp56c1712k691lhsyewcssf40f
2026-04-08 14:41:44.197 [DEBUG] org.hibernate.SQL - drop table if exists books cascade
2026-04-08 14:41:44.198 [DEBUG] org.hibernate.SQL - drop table if exists loans cascade
2026-04-08 14:41:44.198 [DEBUG] org.hibernate.SQL - drop table if exists roles cascade
2026-04-08 14:41:44.199 [DEBUG] org.hibernate.SQL - drop table if exists users cascade
2026-04-08 14:41:44.203 [DEBUG] org.hibernate.SQL - create table books (is_available boolean, book_id bigint not null, author VARCHAR(300), title VARCHAR(300), primary key (book_id))
2026-04-08 14:41:44.212 [DEBUG] org.hibernate.SQL - create table loans (is_active boolean, book_id bigint, loan_id bigint generated by default as identity, user_id bigint, primary key (loan_id))
2026-04-08 14:41:44.219 [DEBUG] org.hibernate.SQL - create table roles (id bigint generated by default as identity, role varchar(255), primary key (id))
2026-04-08 14:41:44.227 [DEBUG] org.hibernate.SQL - create table users (enabled boolean, role_id bigint, user_id bigint generated by default as identity, name varchar(200) not null unique, password varchar(255) not null, primary key (user_id))
2026-04-08 14:41:44.238 [DEBUG] org.hibernate.SQL - alter table if exists loans add constraint FKokwvlrv6o4i4h3le3bwhe6kie foreign key (book_id) references books
2026-04-08 14:41:44.243 [DEBUG] org.hibernate.SQL - alter table if exists loans add constraint FK6xxlcjc0rqtn5nq28vjnx5t9d foreign key (user_id) references users
2026-04-08 14:41:44.246 [DEBUG] org.hibernate.SQL - alter table if exists users add constraint FKp56c1712k691lhsyewcssf40f foreign key (role_id) references roles
2026-04-08 14:41:44.471 [DEBUG] org.hibernate.SQL - set client_min_messages = WARNING
2026-04-08 14:41:44.472 [DEBUG] org.hibernate.SQL - alter table if exists loans drop constraint if exists FKokwvlrv6o4i4h3le3bwhe6kie
2026-04-08 14:41:44.474 [DEBUG] org.hibernate.SQL - alter table if exists loans drop constraint if exists FK6xxlcjc0rqtn5nq28vjnx5t9d
2026-04-08 14:41:44.475 [DEBUG] org.hibernate.SQL - alter table if exists users drop constraint if exists FKp56c1712k691lhsyewcssf40f
2026-04-08 14:41:44.476 [DEBUG] org.hibernate.SQL - drop table if exists books cascade
2026-04-08 14:41:44.480 [DEBUG] org.hibernate.SQL - drop table if exists loans cascade
2026-04-08 14:41:44.482 [DEBUG] org.hibernate.SQL - drop table if exists roles cascade
2026-04-08 14:41:44.485 [DEBUG] org.hibernate.SQL - drop table if exists users cascade
2026-04-08 14:42:53.440 [INFO] m9.project.Library - Starting Library using Java 17.0.14 with PID 824 (C:\Users\jiasanchez\Documents\Java\Git\PortableGit\M9_Project1\target\classes started by jiasanchez in C:\Users\jiasanchez\Documents\Java\Git\PortableGit\M9_Project1)
2026-04-08 14:42:53.442 [DEBUG] m9.project.Library - Running with Spring Boot v4.0.2, Spring v7.0.3
2026-04-08 14:42:53.443 [INFO] m9.project.Library - No active profile set, falling back to 1 default profile: "default"
2026-04-08 14:42:56.136 [DEBUG] org.hibernate.SQL - set client_min_messages = WARNING
2026-04-08 14:42:56.138 [DEBUG] org.hibernate.SQL - alter table if exists loans drop constraint if exists FKokwvlrv6o4i4h3le3bwhe6kie
2026-04-08 14:42:56.139 [DEBUG] org.hibernate.SQL - alter table if exists loans drop constraint if exists FK6xxlcjc0rqtn5nq28vjnx5t9d
2026-04-08 14:42:56.139 [DEBUG] org.hibernate.SQL - alter table if exists users drop constraint if exists FKp56c1712k691lhsyewcssf40f
2026-04-08 14:42:56.140 [DEBUG] org.hibernate.SQL - drop table if exists books cascade
2026-04-08 14:42:56.141 [DEBUG] org.hibernate.SQL - drop table if exists loans cascade
2026-04-08 14:42:56.141 [DEBUG] org.hibernate.SQL - drop table if exists roles cascade
2026-04-08 14:42:56.142 [DEBUG] org.hibernate.SQL - drop table if exists users cascade
2026-04-08 14:42:56.146 [DEBUG] org.hibernate.SQL - create table books (is_available boolean, book_id bigint not null, author VARCHAR(300), title VARCHAR(300), primary key (book_id))
2026-04-08 14:42:56.156 [DEBUG] org.hibernate.SQL - create table loans (is_active boolean, book_id bigint, loan_id bigint generated by default as identity, user_id bigint, primary key (loan_id))
2026-04-08 14:42:56.162 [DEBUG] org.hibernate.SQL - create table roles (id bigint generated by default as identity, role varchar(255), primary key (id))
2026-04-08 14:42:56.169 [DEBUG] org.hibernate.SQL - create table users (enabled boolean, role_id bigint, user_id bigint generated by default as identity, name varchar(200) not null unique, password varchar(255) not null, primary key (user_id))
2026-04-08 14:42:56.177 [DEBUG] org.hibernate.SQL - alter table if exists loans add constraint FKokwvlrv6o4i4h3le3bwhe6kie foreign key (book_id) references books
2026-04-08 14:42:56.180 [DEBUG] org.hibernate.SQL - alter table if exists loans add constraint FK6xxlcjc0rqtn5nq28vjnx5t9d foreign key (user_id) references users
2026-04-08 14:42:56.184 [DEBUG] org.hibernate.SQL - alter table if exists users add constraint FKp56c1712k691lhsyewcssf40f foreign key (role_id) references roles
2026-04-08 14:42:57.140 [INFO] m9.project.Library - Started Library in 4.04 seconds (process running for 4.827)
2026-04-08 14:42:57.428 [DEBUG] org.hibernate.SQL - select r1_0.id,r1_0.role from roles r1_0 where r1_0.role=?
2026-04-08 14:42:57.456 [DEBUG] org.hibernate.SQL - select r1_0.id,r1_0.role from roles r1_0 where r1_0.role=?
2026-04-08 14:42:57.462 [DEBUG] org.hibernate.SQL - select u1_0.user_id,u1_0.enabled,u1_0.name,u1_0.password,u1_0.role_id from users u1_0 where u1_0.name=?
2026-04-08 14:42:57.554 [DEBUG] org.hibernate.SQL - insert into users (enabled,name,password,role_id) values (?,?,?,?)
2026-04-08 14:43:16.285 [DEBUG] org.hibernate.SQL - select u1_0.user_id,u1_0.enabled,u1_0.name,u1_0.password,u1_0.role_id from users u1_0 where u1_0.name=?
2026-04-08 14:43:16.294 [DEBUG] org.hibernate.SQL - select r1_0.id,r1_0.role from roles r1_0 where r1_0.id=?
2026-04-08 14:43:16.713 [DEBUG] org.hibernate.SQL - select r1_0.id,r1_0.role from roles r1_0 where r1_0.role=?
2026-04-08 14:43:16.726 [DEBUG] org.hibernate.SQL - select u1_0.user_id from users u1_0 where u1_0.name=? fetch first ? rows only
2026-04-08 14:43:16.854 [INFO] m9.project.service.UserService - User admin Successfully Created User johna
2026-04-08 14:43:16.855 [DEBUG] org.hibernate.SQL - insert into users (enabled,name,password,role_id) values (?,?,?,?)
2026-04-08 14:43:18.102 [DEBUG] org.hibernate.SQL - select u1_0.user_id,u1_0.enabled,u1_0.name,u1_0.password,u1_0.role_id from users u1_0 where u1_0.name=?
2026-04-08 14:43:18.103 [DEBUG] org.hibernate.SQL - select r1_0.id,r1_0.role from roles r1_0 where r1_0.id=?
2026-04-08 14:43:18.240 [DEBUG] org.hibernate.SQL - select r1_0.id,r1_0.role from roles r1_0 where r1_0.role=?
2026-04-08 14:43:18.243 [DEBUG] org.hibernate.SQL - select u1_0.user_id from users u1_0 where u1_0.name=? fetch first ? rows only
2026-04-08 14:43:18.244 [WARN] m9.project.service.UserService - Duplicate username created
2026-04-08 14:43:18.255 [WARN] m9.project.exception.GlobalExceptionHandler - User admin Conflict: Username already exists. | path=/users/create
2026-04-08 14:44:06.816 [DEBUG] org.hibernate.SQL - select u1_0.user_id,u1_0.enabled,u1_0.name,u1_0.password,u1_0.role_id from users u1_0 where u1_0.name=?
2026-04-08 14:44:06.817 [DEBUG] org.hibernate.SQL - select r1_0.id,r1_0.role from roles r1_0 where r1_0.id=?
2026-04-08 14:44:06.957 [INFO] m9.project.service.BookService - User johna Succesfully Extracted All Books.
2026-04-08 14:44:06.988 [DEBUG] org.hibernate.SQL - select b1_0.book_id,b1_0.author,b1_0.is_available,b1_0.title from books b1_0
2026-04-08 14:44:06.996 [DEBUG] org.hibernate.SQL - select l1_0.loan_id,b1_0.book_id,b1_0.author,b1_0.is_available,b1_0.title,l1_0.is_active,u1_0.user_id,u1_0.enabled,u1_0.name,u1_0.password,r1_0.id,r1_0.role from loans l1_0 left join books b1_0 on b1_0.book_id=l1_0.book_id left join users u1_0 on u1_0.user_id=l1_0.user_id left join roles r1_0 on r1_0.id=u1_0.role_id where l1_0.book_id=?
2026-04-08 14:44:07.002 [DEBUG] org.hibernate.SQL - select l1_0.loan_id,b1_0.book_id,b1_0.author,b1_0.is_available,b1_0.title,l1_0.is_active,u1_0.user_id,u1_0.enabled,u1_0.name,u1_0.password,r1_0.id,r1_0.role from loans l1_0 left join books b1_0 on b1_0.book_id=l1_0.book_id left join users u1_0 on u1_0.user_id=l1_0.user_id left join roles r1_0 on r1_0.id=u1_0.role_id where l1_0.book_id=?
2026-04-08 14:44:07.005 [DEBUG] org.hibernate.SQL - select l1_0.loan_id,b1_0.book_id,b1_0.author,b1_0.is_available,b1_0.title,l1_0.is_active,u1_0.user_id,u1_0.enabled,u1_0.name,u1_0.password,r1_0.id,r1_0.role from loans l1_0 left join books b1_0 on b1_0.book_id=l1_0.book_id left join users u1_0 on u1_0.user_id=l1_0.user_id left join roles r1_0 on r1_0.id=u1_0.role_id where l1_0.book_id=?
2026-04-08 14:44:07.009 [DEBUG] org.hibernate.SQL - select l1_0.loan_id,b1_0.book_id,b1_0.author,b1_0.is_available,b1_0.title,l1_0.is_active,u1_0.user_id,u1_0.enabled,u1_0.name,u1_0.password,r1_0.id,r1_0.role from loans l1_0 left join books b1_0 on b1_0.book_id=l1_0.book_id left join users u1_0 on u1_0.user_id=l1_0.user_id left join roles r1_0 on r1_0.id=u1_0.role_id where l1_0.book_id=?
2026-04-08 14:44:07.013 [DEBUG] org.hibernate.SQL - select l1_0.loan_id,b1_0.book_id,b1_0.author,b1_0.is_available,b1_0.title,l1_0.is_active,u1_0.user_id,u1_0.enabled,u1_0.name,u1_0.password,r1_0.id,r1_0.role from loans l1_0 left join books b1_0 on b1_0.book_id=l1_0.book_id left join users u1_0 on u1_0.user_id=l1_0.user_id left join roles r1_0 on r1_0.id=u1_0.role_id where l1_0.book_id=?
2026-04-08 14:44:42.567 [DEBUG] org.hibernate.SQL - set client_min_messages = WARNING
2026-04-08 14:44:42.569 [DEBUG] org.hibernate.SQL - alter table if exists loans drop constraint if exists FKokwvlrv6o4i4h3le3bwhe6kie
2026-04-08 14:44:42.574 [DEBUG] org.hibernate.SQL - alter table if exists loans drop constraint if exists FK6xxlcjc0rqtn5nq28vjnx5t9d
2026-04-08 14:44:42.576 [DEBUG] org.hibernate.SQL - alter table if exists users drop constraint if exists FKp56c1712k691lhsyewcssf40f
2026-04-08 14:44:42.579 [DEBUG] org.hibernate.SQL - drop table if exists books cascade
2026-04-08 14:44:42.586 [DEBUG] org.hibernate.SQL - drop table if exists loans cascade
2026-04-08 14:44:42.590 [DEBUG] org.hibernate.SQL - drop table if exists roles cascade
2026-04-08 14:44:42.595 [DEBUG] org.hibernate.SQL - drop table if exists users cascade
